Age,Sex,Job,Housing,Saving accounts,Checking account,Credit amount,Duration,Purpose,default_risk
33.32528447617736,female,1,own,little,rich,2982.5399981549035,18.204759592552602,radio/TV,1
62.14854558661307,male,1,free,quite rich,none,3603.78151828045,11.671916859954825,car,1
37.90296875240844,male,3,own,little,moderate,7369.182367152214,35.14864555452001,car,0
49.96580176774202,male,2,own,little,none,4312.985625649136,48.50146924503626,car,1
63.550812175579786,male,2,own,little,none,4283.405166709309,20.93965494609451,furniture/equipment,0
38.70981649860109,female,2,rent,none,none,1145.6384493545966,16.311080728616798,furniture/equipment,1
42.62856279108421,female,2,own,little,moderate,4256.994250508712,18.532095063115005,furniture/equipment,0
71.85483466000204,male,3,own,rich,none,6714.189880283376,29.688277074326855,business,0
31.405656693989194,male,2,own,little,moderate,19213.212619760627,60.05628555623258,business,1
71.1827453661631,female,2,rent,little,none,9474.050877219743,49.07997657385646,car,1
72.57322465924597,male,2,own,rich,none,1674.9392747569311,15.627157023212241,car,1
58.05760568645531,male,3,own,none,none,4033.7626017726893,13.913324335372456,car,0
27.990623789768758,female,2,own,little,none,8011.942652391626,36.045020622548954,radio/TV,0
63.99106030238829,male,2,own,little,little,1398.1780152832148,15.83841601145689,car,1
57.467614352628466,male,1,own,little,little,1722.94349961342,15.505119189762533,car,1
51.7432713993386,male,2,free,none,none,16965.51879883106,44.71515320531131,car,0
41.0046453737462,male,2,own,none,moderate,5287.584156366197,26.290249042024847,furniture/equipment,0
49.21798911171348,male,1,free,moderate,moderate,4708.211520343411,65.7416063863646,business,1
67.45722755447201,male,2,rent,quite rich,none,1554.1022011089947,7.489384456278471,car,1
30.650205525787896,male,2,own,little,none,4267.171225893741,15.494290507165111,radio/TV,0
47.45186846741005,female,2,rent,little,none,3935.2924502023834,27.30588585854498,furniture/equipment,1
57.23747030641968,male,2,free,none,little,9636.695305072475,41.67474250721788,car,0
71.51295198393116,male,2,own,little,none,3119.2992042383034,23.41113026369322,furniture/equipment,1
52.550647763472185,male,1,rent,little,little,843.498944549133,16.54030759775833,education,1
36.10329750569795,male,3,own,little,moderate,16848.471720899237,29.57125665289415,vacation/others,0
32.42325415493918,male,2,rent,none,little,8711.325738257654,38.04528741677214,car,0
42.64960634393787,male,1,own,little,none,3369.138803205191,29.325224692485328,radio/TV,1
65.2537936362617,female,2,own,little,moderate,3326.0487106481078,8.918139901462741,radio/TV,1
38.75256144422116,male,2,own,little,none,11301.0814455041,35.03649146903122,business,0
28.826879636233613,female,2,rent,little,little,3332.9773462344065,41.406385375854356,furniture/equipment,1
45.77392008598582,female,2,rent,little,little,10363.017170090805,66.53867285705749,business,1
37.374720484707794,male,1,own,little,little,1669.910595604254,6.950263766524413,furniture/equipment,1
63.35130575646748,female,2,own,little,little,1980.7389618795107,28.43723103227311,radio/TV,1
31.48343160761406,female,2,own,little,little,3351.75763932014,18.28965841292623,radio/TV,1
47.28668522755459,male,2,own,none,moderate,2762.2855000675636,36.571857536751736,car,1
44.35818203445525,male,2,own,quite rich,little,2116.1870581753446,16.74804382366279,radio/TV,1
71.09345352676702,male,2,free,none,moderate,1492.3603124186152,24.330503728347068,education,1
36.88462427685279,female,2,own,little,none,695.3424315977413,7.667092042228726,radio/TV,1
32.41280915435364,female,2,rent,little,little,6488.935735209947,62.29295863815335,business,1
59.52249313962858,male,2,own,none,none,2152.6170622685295,14.773337348909514,car,1
39.96118698890803,male,2,free,none,none,1101.8489660345153,9.243331217681249,radio/TV,1
41.189556862451745,male,2,own,rich,none,3956.154542461535,28.90834438690929,furniture/equipment,1
38.334975435993684,male,2,own,little,none,6653.984683508457,27.321871710214868,furniture/equipment,0
68.11847061598735,male,2,own,none,none,3135.7478657058127,15.959577225404818,radio/TV,1
64.78548815686145,male,1,own,little,none,3029.7645225563224,33.4378436902912,car,1
52.03848292680483,male,2,free,little,little,1789.9933360577797,30.20375930648791,car,1
50.15921467015836,male,2,own,none,moderate,3207.0577904693614,41.102101836361754,business,1
81.50176417176101,male,0,own,little,little,4746.756760533745,66.42154866678473,repairs,1
31.16689915527912,male,2,free,little,little,3048.869262481265,15.474788648415732,radio/TV,1
40.00790452032173,male,2,own,little,none,7260.059788088069,20.089960575007986,car,0
30.54517308878369,male,2,own,moderate,none,8908.239361628106,58.857325998425324,car,1
54.48368282201465,male,3,own,little,none,8605.799261248763,23.72625209268369,car,0
30.944136033297365,male,3,own,little,none,5888.653713793965,48.4569778499363,radio/TV,1
38.38071886042522,female,2,rent,none,none,3668.846458455619,13.194842340270139,car,1
35.62977170007874,male,2,own,little,little,4140.26538501051,21.564548424524055,business,0
25.19098981666207,male,2,rent,little,little,1145.9547928054596,15.847634125590542,education,1
46.090270215333945,male,1,own,little,little,4474.643039736415,11.56975675097411,car,0
40.58832366865469,male,1,own,little,little,5140.017515283258,16.13836291741743,furniture/equipment,0
60.278516941118184,male,2,own,none,none,1350.4633071495125,12.565788470164657,radio/TV,1
80.05747167694214,female,2,own,none,none,2844.9435664991643,15.315585635984846,education,1
51.73887004416661,male,2,own,little,rich,3029.5015482491153,8.249940143654227,furniture/equipment,1
41.05687156895516,male,2,own,quite rich,moderate,1816.3523376942578,18.590974973503137,business,1
48.76045839194776,male,3,own,none,none,6212.508667176192,43.37672137312596,car,0
43.517130661963506,male,2,own,little,none,5692.966579128818,23.973337808637975,radio/TV,0
57.78197897653757,male,1,own,little,none,915.0076509799111,14.409964003871627,car,1
91.1401444188271,male,3,own,little,rich,2476.0367737133733,37.10135917534562,business,1
31.59072560415799,female,3,own,little,none,13169.565730279564,47.48158190625254,furniture/equipment,0
28.789136970032466,female,1,own,little,moderate,2625.2467890499515,17.286417555394163,radio/TV,1
35.17977611982612,male,1,own,little,none,865.0387516565346,14.172921041907447,radio/TV,1
70.31841390384892,female,3,rent,none,little,1667.6029022455898,33.72956585083891,radio/TV,1
28.682664690538903,male,2,own,little,none,1886.0858357427192,12.214805650470424,radio/TV,1
30.444742010908577,female,2,own,little,none,3522.1293539860653,18.442907346583674,furniture/equipment,1
34.13635681742993,male,2,rent,little,none,3387.8345853519254,17.193622805326235,business,1
32.91970877287716,male,2,own,little,none,3351.5311738016653,23.139171757653425,car,1
36.86205000981333,male,2,own,little,moderate,1819.6142733389456,22.59730131504991,radio/TV,1
39.48630431753583,female,2,own,little,little,2399.884735178294,15.735768548463628,car,1
29.478080951863006,male,2,rent,none,moderate,4309.220747662208,56.86597502479995,radio/TV,1
55.611761163755006,male,2,free,little,little,5708.329340010716,52.76420706842396,car,1
80.36262138132186,male,2,own,little,little,4093.106106618464,30.26796734807722,car,0
30.577854281675297,female,1,rent,little,little,4064.6139908669834,30.46651413343605,furniture/equipment,0
35.60236576431263,female,2,rent,little,none,1860.4377365387213,12.270294922296653,furniture/equipment,1
41.694826367650776,male,3,own,none,none,4189.887238696374,22.14324058570011,car,0
27.862107431949735,female,2,rent,little,little,1744.2861916827155,35.22881921609416,car,1
29.135067426345287,female,1,rent,little,none,800.7939928314684,4.435343779739298,furniture/equipment,1
32.887536473366524,male,2,own,little,little,2535.5959647962227,51.52020299208945,business,1
51.14482059628093,female,3,own,little,rich,2091.263941859235,15.330817234946274,furniture/equipment,1
51.087977092761136,female,2,own,quite rich,none,9624.666839134294,49.894505540436796,furniture/equipment,1
48.69069465916325,male,2,free,moderate,none,1776.8760896804843,7.84788089043524,radio/TV,1
61.650433155125974,male,2,own,little,none,1783.9455611486471,8.483733321615283,car,1
50.12348526339249,male,1,own,rich,none,2473.046544604039,22.70274846380494,business,1
32.770035302448754,female,2,own,little,none,3040.7020727701665,21.422483234679937,radio/TV,1
44.74540038292911,male,2,free,little,none,2278.315024860363,51.91381543417583,education,1
50.24877818932807,female,1,own,none,none,2180.567935160279,27.061690643647506,business,1
64.21866440694265,male,2,own,little,none,3516.0179304695557,39.66467542087263,radio/TV,1
58.67220386344144,female,2,own,little,moderate,1433.4006500864682,17.081702296853756,radio/TV,1
46.834989661370194,male,2,own,little,none,8727.32232124985,43.08496112846004,car,0
41.99179670297662,male,1,own,little,none,2433.5328073699898,32.62917815433422,furniture/equipment,1
53.8911821617238,male,2,own,none,none,3389.8523586086135,59.56850516897812,car,1
64.66775512345272,female,1,own,little,none,1414.9061518592885,7.720698386613377,education,1
30.340609329169638,female,2,own,none,none,1151.895447741521,19.608418448076435,domestic appliances,1
78.25000602144695,male,2,own,none,none,1886.444033027354,13.799733766263678,car,1
36.54850244075926,male,2,rent,little,little,3105.210877359992,43.996186645846436,radio/TV,1
45.69116958913142,male,1,own,none,none,2587.870134733024,8.610643735447884,radio/TV,1
70.94283757307699,male,3,free,little,moderate,2755.6243791340507,49.99028827890526,business,1
56.26150508903841,male,2,own,little,none,2125.4562571231695,31.049665014414636,furniture/equipment,1
47.14523159223871,male,3,own,none,rich,4336.696523195157,15.891748150215472,radio/TV,0
39.95203305981291,male,2,own,quite rich,rich,1283.8546705429367,15.246908993236252,car,1
89.04332419194648,male,0,free,quite rich,rich,2205.182526364492,17.22790006299358,car,1
37.685695263801826,male,2,own,quite rich,none,3831.9016703272696,7.679788453323503,furniture/equipment,1
36.06156933019311,male,2,own,none,none,3733.908650899766,31.756421021123636,radio/TV,1
33.46786411278378,male,2,rent,rich,none,4751.264769415852,21.219045216213097,car,0
45.811545425577414,male,2,own,none,little,3038.302083423346,29.334308436369827,furniture/equipment,1
41.610601258876855,female,2,own,little,none,4822.492984205348,52.41164106418882,radio/TV,1
48.237146973441845,male,2,own,little,none,8244.754866575362,34.40861577076987,radio/TV,0
52.58170886962304,male,0,own,little,none,4474.817181242542,26.333355836003037,business,0
52.87404528287483,male,2,own,none,none,5218.006447292658,30.305578598515265,car,0
47.01550903188226,female,2,own,little,none,6147.376130425373,7.6543807513048305,furniture/equipment,0
42.06184470952332,male,2,own,little,none,924.6540275525125,13.331987794580469,education,1
41.186607811570575,male,3,own,little,moderate,10109.349769958328,22.58136950872015,furniture/equipment,0
36.0162606944418,male,3,own,little,little,4292.037855813342,32.292522366227416,radio/TV,0
44.28144911113941,male,3,own,little,none,5107.953991710559,22.306236578327752,furniture/equipment,0
55.57781580869067,male,1,own,little,none,9419.01714126221,30.870453682106692,car,0
35.36786577580004,male,2,own,none,moderate,2592.513537743472,25.12402490605123,business,1
46.943957816462735,male,2,free,none,none,8886.75035681532,79.24562010840376,car,1
57.890719892068866,male,3,own,none,none,7616.357547399247,31.938423968162674,car,0
55.788823281486344,male,2,own,none,moderate,3418.6678595956805,21.428065100077987,business,1
30.38565315086842,female,0,rent,none,moderate,9313.128113810784,14.543095092476722,car,0
53.1305174602824,male,2,own,little,moderate,8783.305565486637,26.637705033032365,furniture/equipment,0
33.850959003101835,male,2,own,moderate,little,1847.3591067120653,29.43551751656821,business,1
35.37295288439198,male,2,own,little,moderate,3900.958488629438,29.312416504114594,vacation/others,1
42.094678810570834,male,1,own,little,little,3970.946772678828,38.2708164033574,furniture/equipment,1
33.650105809651166,male,2,rent,quite rich,none,4064.6645134072232,23.404118285058306,radio/TV,0
34.89705897546402,male,2,own,little,none,7591.043414476855,50.653314576827746,radio/TV,1
48.468189252980814,male,2,own,little,little,5034.28921610621,59.94194817214236,radio/TV,1
35.71154273898862,female,3,own,little,none,1948.5517965542174,15.467024927665095,business,1
46.989014473330485,female,2,own,little,little,2096.8755859259804,45.40232500732246,car,1
32.53242586564493,male,2,own,little,little,7165.401284996017,51.77631820591115,education,1
41.087796302822554,male,2,own,little,none,843.6063334443511,16.00554903387854,radio/TV,1
41.19517314409165,female,1,own,none,moderate,4457.123275635558,12.50217331818278,car,0
26.348842908573715,male,2,own,little,moderate,1957.9826398906544,15.605075830792982,radio/TV,1
45.152154165171176,male,2,own,little,little,9025.595991945624,65.37065423051114,radio/TV,1
24.78103889243006,male,2,own,moderate,moderate,7179.044245875189,105.39619007235078,radio/TV,1
35.99687816190327,male,3,own,quite rich,none,822.1062810598191,24.086357302076614,radio/TV,1
35.90302272543201,female,3,own,moderate,rich,4139.517027852374,27.954470997610034,car,0
65.41220883317422,male,2,own,little,none,1900.2346166784037,13.77730700989192,furniture/equipment,1
29.050566828636168,male,2,own,little,rich,5180.173782944122,37.32937150741537,radio/TV,0
74.23366405833562,female,0,own,little,none,1534.4766997501108,24.099076312614304,radio/TV,1
48.72843263144598,male,1,own,none,little,2223.6302097890925,27.100869114310168,car,1
60.26044197256827,male,1,own,quite rich,none,2308.1767829047803,7.4911303950511545,radio/TV,1
43.46170166601076,male,3,free,little,none,2107.157436931355,23.83835436753542,radio/TV,1
33.75781989425055,female,2,own,none,moderate,1765.8956617506308,38.81878881240928,radio/TV,1
35.39208445259248,female,2,own,little,little,4799.566449623396,25.430004451141016,radio/TV,0
44.21141017741547,female,1,rent,none,none,2698.8190556683453,19.629166302388466,furniture/equipment,1
30.631360865104472,male,2,own,none,moderate,1657.534078106502,14.7036920579158,radio/TV,1
45.790192607718176,male,2,own,quite rich,none,5461.228090727997,58.75869820362902,furniture/equipment,1
45.22882198688937,male,2,own,little,none,2117.2399037025034,23.009164065096837,radio/TV,1
30.9404664230606,male,1,rent,little,little,1988.550459638559,32.46368804081354,radio/TV,1
73.38292321995097,male,2,own,little,none,1000.4211050344509,15.02710715256864,radio/TV,1
53.372631330372776,male,1,own,none,none,13788.145764238086,66.69093481831385,car,1
31.68442051702207,female,2,rent,little,little,5224.943775558177,23.551502814334256,furniture/equipment,0
30.473075414882416,male,2,own,little,little,14096.821845331715,46.84618311675727,car,0
32.996029527382795,female,2,own,none,none,4793.254068885876,32.3515848848804,car,0
57.630130980984134,female,1,own,none,none,5014.428800518761,45.83287528808493,radio/TV,0
44.86191375596667,male,2,own,little,none,1550.132649581985,16.745460324344403,radio/TV,1
31.147543806138906,male,1,own,little,little,2228.112883323698,30.161342679387868,furniture/equipment,1
35.638801571891115,male,2,own,little,none,1308.0666663439779,16.55258216057258,business,1
56.45293822080844,male,3,free,little,little,4929.03928891504,45.72944611472482,car,0
53.787603959958936,male,2,own,little,none,4271.712435878789,15.304339916982544,furniture/equipment,0
26.436777975088347,female,1,rent,little,moderate,3566.8870664840233,33.56730361417425,car,1
45.724362960660166,male,3,own,little,little,2547.679250695608,22.11844819093394,radio/TV,1
43.747789242637786,male,3,own,moderate,none,8934.86767576513,17.18579517263565,car,0
51.388073956972896,male,2,own,little,little,2171.9285437756653,19.25905332071176,furniture/equipment,1
72.68643386200758,male,2,free,none,none,11482.46818711895,30.037982517003034,car,0
41.34977726768745,female,2,rent,little,little,5232.981316747091,21.660756624444144,car,0
52.63502420375018,female,2,own,none,none,1095.8231296385945,12.824621544101309,education,1
46.714822009188715,male,2,own,little,none,7478.689586065382,32.37961355339228,radio/TV,0
52.044325604328954,female,2,own,little,moderate,4712.483037819629,46.766561178355865,radio/TV,0
44.37088872107812,female,2,own,little,none,2621.111159636811,31.936754574446972,car,1
34.45971697161457,female,2,own,little,none,3998.7389623810595,35.55217847643702,radio/TV,1
28.017309005219026,female,1,own,little,moderate,1667.6769572270925,30.377090732261845,car,1
40.678700554022655,male,2,own,little,none,1773.8334280582096,23.901027542360406,car,1
27.814581195062356,male,2,own,little,none,20218.814847164304,74.9447198244052,radio/TV,1
36.917139499207025,male,2,own,little,moderate,1267.9293427443806,14.584368336135633,radio/TV,1
69.88494924656695,male,2,own,none,none,2080.520461709868,18.622638519873345,repairs,1
55.45787623357525,male,2,free,little,rich,1238.9070446028975,30.050979428347947,car,1
35.37955301566278,male,1,own,none,moderate,8562.188297696915,80.15685478528276,radio/TV,1
75.04199101236105,male,2,own,little,none,3904.956366991757,18.41889094404091,radio/TV,1
45.8638694993504,female,2,own,little,none,1259.0783215052882,22.11112181470349,car,1
48.479952073236944,male,1,rent,quite rich,none,2127.072169313943,12.583374694384537,car,1
41.134460852791,male,2,rent,little,little,4533.016385987916,31.048504768533007,business,0
60.08580050625737,male,1,own,little,little,1353.8915104441128,24.112437927677547,domestic appliances,1
74.48010281465444,male,1,own,little,none,2170.536816098898,15.916260974345743,radio/TV,1
69.45496444217999,female,1,own,none,moderate,5586.626220648955,34.28182990547548,furniture/equipment,0
35.89541635360741,female,2,own,little,little,4783.601892750018,12.68832951535775,car,0
37.94309429169507,female,2,own,rich,none,2015.0124858062475,25.471368311530384,car,1
48.715764583454934,male,1,own,little,little,14695.187195779765,37.51236548396955,repairs,0
41.235816547818345,female,1,own,none,none,1010.6714013273706,16.91676022505245,radio/TV,1
40.89418115436844,male,2,rent,little,little,2727.5882210044206,22.868703936788812,car,1
39.321143445395094,female,2,own,none,little,1943.8965858404665,23.98168238473498,car,1
36.85235371649248,female,2,rent,little,moderate,3866.0274284907,16.285415287463053,furniture/equipment,1
36.30261017964997,male,3,free,none,none,11298.08277793793,63.56955467377303,vacation/others,1
28.728588857552428,male,2,own,quite rich,little,3212.8379199298297,28.58349982368137,furniture/equipment,1
69.56310161270221,male,2,own,none,none,2937.690782708399,14.417352479134884,car,1
42.949494185609915,male,2,rent,quite rich,none,3517.100652981952,28.872615072876783,furniture/equipment,1
64.70172844003905,male,2,own,none,none,4229.05414427813,31.46528476193746,furniture/equipment,0
45.19333656685034,male,3,own,little,none,4905.396785290542,22.27263250287059,furniture/equipment,0
75.57970601824283,male,2,own,quite rich,none,1775.1415459053367,8.096438351385313,domestic appliances,1
42.200961081736075,male,1,free,little,little,1947.9581483497566,18.261672006772095,car,1
57.400281871061125,male,1,own,little,little,834.7149596814511,9.714518507897761,car,1
36.96940648799655,male,1,own,little,little,908.735505740578,10.686551435180055,car,1
36.94070720380088,male,2,own,little,none,3270.676147195117,45.877173557859024,repairs,1
51.66126067746038,female,2,own,little,none,4748.62163592918,22.43151403471775,furniture/equipment,0
23.547641284374635,male,2,own,little,none,1918.5845684899373,12.41805940190619,furniture/equipment,1
57.74725500892003,male,2,own,none,none,1689.8556608092488,26.73759174801586,radio/TV,1
34.418698361385324,male,2,rent,moderate,none,1609.257726104703,19.56823721449613,car,1
37.695028954359714,female,2,own,little,moderate,1161.234665582674,12.202502780890535,furniture/equipment,1
52.13128535738357,male,2,own,little,moderate,870.0244048133898,22.284971154842935,radio/TV,1
69.14433497399989,male,2,free,none,none,1596.5100684984855,18.777351043359786,car,1
26.5909437675692,male,1,own,quite rich,moderate,3222.795179815421,35.9760382317518,radio/TV,1
40.87915954402767,male,2,own,none,little,2792.9807599373503,26.870729297850325,car,1
32.92686185439268,male,3,own,little,none,3096.219573717591,9.547239416118279,furniture/equipment,1
31.662363678355263,male,2,own,little,none,598.9198162395116,12.46029693820353,radio/TV,1
48.11541927093051,male,2,own,none,rich,1628.83086231947,31.186655295244634,business,1
34.994262288304554,female,2,own,moderate,none,1527.694680752138,8.507107613879054,radio/TV,1
37.03639928700507,male,2,own,little,little,2109.6184784490697,24.415853933163525,car,1
41.61184483848436,female,0,own,little,none,1244.7237041501273,16.2238825674345,car,1
44.13266115525884,male,2,own,little,none,2204.4671307653293,35.68516281730525,radio/TV,1
54.93065103887824,male,2,own,little,none,2772.6633898631826,13.419705608357265,radio/TV,1
53.358620640346246,female,1,own,little,none,1882.3159914997264,19.914872258386573,radio/TV,1
44.35219776577638,male,2,own,none,none,2008.80849682039,7.80513364849461,furniture/equipment,1
35.43875262839784,male,2,own,little,none,1909.5542691596384,27.429884502897814,car,1
30.951590046492782,female,3,own,little,none,2595.0336833407728,25.840031284278627,car,1
30.255882485412823,female,2,rent,little,little,1684.1435917133288,29.733941664467846,car,1
42.8315371728898,female,2,free,little,little,1591.7974749911787,8.10268995382981,education,1
37.94287271223,male,1,own,little,moderate,1884.1482753171895,11.436965693428746,furniture/equipment,1
55.46810903905477,male,2,free,little,none,7358.179991331001,28.369296805181328,repairs,0
34.7943266208006,male,1,own,little,none,699.5201537680811,8.661052439533341,radio/TV,1
47.92013087509838,female,3,rent,little,none,5070.390894194359,30.366474506501177,car,0
60.49384640847431,male,1,own,little,moderate,2260.1080126306706,34.68786114250211,radio/TV,1
45.354848777002985,male,2,own,quite rich,none,3066.2143893117723,31.012246418259558,radio/TV,1
46.41374702432575,male,2,free,little,little,13253.744924471333,53.55889068980229,car,1
51.78832820586257,male,1,own,none,little,4869.750118072035,25.005721679517098,car,0
41.29811536779144,male,3,own,little,none,1664.7354798350336,11.169096914019955,radio/TV,1
24.66112617273302,female,2,rent,none,none,4171.3803855035585,20.548033220275567,car,0
27.649891715408252,female,1,rent,none,moderate,1106.7439225669814,15.6302530410481,business,1
54.754376322411034,male,1,own,little,moderate,2535.738405151882,10.311193594851417,radio/TV,1
51.50103986867803,female,2,own,little,none,2186.933012004559,31.594307436889366,radio/TV,1
28.95217918501526,male,1,own,none,little,4565.958404616884,31.912068598520882,car,0
31.033709429491932,male,2,own,little,none,5353.095999241846,40.47895937554338,furniture/equipment,0
34.321816605151085,male,1,own,moderate,none,5736.097431391584,38.82744674098361,business,0
68.93771778977981,male,2,own,moderate,none,2746.243669021723,33.780824164696554,radio/TV,1
44.29432976936642,male,3,own,little,moderate,1551.4076437239987,7.926401079121867,furniture/equipment,1
73.50350407825816,male,2,free,little,none,2399.0529957870835,31.702882152630707,car,1
41.34707490706926,male,2,own,none,none,2016.8854397560892,7.145024896704538,business,1
36.11924703301279,female,2,own,little,little,5542.830539713215,19.850772038684397,car,0
80.01048039970557,male,2,free,little,none,1969.00195261046,33.68506419940067,education,1
53.961260915881724,male,2,free,little,little,9111.869781470727,58.38690166991988,car,1
58.14462709141978,male,3,own,none,none,5894.303496300905,21.63674373187042,education,0
47.68812025944814,male,2,own,moderate,none,5153.355389434729,30.979905542051696,car,0
34.57762290845488,male,2,own,little,little,1006.4584275627357,14.53467658615375,car,1
63.6325257264954,female,1,own,little,none,4623.929438315486,20.996448115380367,car,0
48.242027749482695,female,1,own,none,none,1287.1673310584918,7.627923458557039,education,1
33.274196123276724,female,2,own,little,little,5892.578381419906,27.519029774972218,furniture/equipment,0
48.37454387970846,male,1,own,little,moderate,1077.8906369637823,15.249889641289757,car,1
42.980036633723216,male,2,free,little,none,2104.1684497273764,19.410260784705144,radio/TV,1
33.81262413944501,male,2,own,none,rich,1499.9523099828803,8.096136122600575,car,1
30.54088436783342,male,2,rent,none,none,5019.441777293011,11.961807351831006,car,0
35.79812645337894,male,2,own,little,none,3226.53945325142,26.41072372691583,radio/TV,1
26.77149993636339,female,2,own,little,moderate,2342.5069031766707,28.509015023773465,radio/TV,1
63.03223599309681,male,3,own,none,none,9604.289779719447,66.8611679269959,business,1
30.45401654156094,female,2,own,little,none,2311.0615829131825,23.162154139977215,repairs,1
27.1354743772342,female,2,rent,little,little,4643.540681799132,29.94304487334859,car,0
36.09634438212795,female,2,own,little,none,1643.6095601979466,20.95456677253655,furniture/equipment,1
51.18471420991832,male,3,own,little,none,2596.0880442795437,14.304316414468982,car,1
30.65932356945924,female,2,rent,none,none,3292.802042482122,9.880381224034249,furniture/equipment,1
86.79470122846855,male,2,own,little,little,4256.8037028505905,30.956926275116324,car,0
32.576191034801575,male,0,own,little,little,3075.875847027186,22.322812354954117,furniture/equipment,1
31.467142183980734,male,2,rent,little,none,4499.795744816675,7.220047265408811,car,0
49.38819937667168,male,1,own,little,little,4457.593696084168,14.225064232315251,car,0
29.88050553686872,female,2,rent,little,little,795.0572716644485,16.03676475702329,furniture/equipment,1
63.42366833041873,male,2,own,none,moderate,2146.3976960070795,22.639796898314916,radio/TV,1
29.189710940697456,male,2,own,little,none,2980.1173377214845,27.57147979304829,radio/TV,1
48.00311036544821,female,1,own,quite rich,none,4055.619943862991,16.991257251960626,education,0
54.38530148933542,female,2,own,none,moderate,6307.991170646669,33.53544374643617,radio/TV,0
50.762886672811845,male,3,own,little,moderate,15487.876807342433,29.33017742549592,vacation/others,0
59.14487837250002,male,2,own,little,little,3058.4211148761556,31.687766291006476,car,1
29.961827248482383,female,1,own,little,little,763.1188196529049,15.050840100794863,radio/TV,1
62.78796026025663,male,1,own,little,little,3107.670131793437,13.18568858041874,radio/TV,1
49.47607325183288,male,2,own,little,little,1945.3127493998868,26.11643582412819,furniture/equipment,1
56.60231295284639,female,2,rent,little,little,2395.8335560229575,20.408409348946968,furniture/equipment,1
40.41943635980336,female,2,own,none,none,2525.0273838278895,24.315495071820195,education,1
29.513012548705035,female,2,rent,none,little,1658.3188394008946,18.854536020068036,domestic appliances,1
82.9542542567314,male,2,own,none,none,1168.4161121810291,13.819132002090797,radio/TV,1
33.66607821853079,female,2,own,none,none,3085.9594129401567,46.04951444205453,radio/TV,1
48.674482187121605,male,3,rent,none,moderate,9111.742259688795,28.41321630972783,car,0
27.417074440018112,male,1,rent,quite rich,none,833.5792720277797,6.883699286046211,repairs,1
46.19029587629702,female,2,own,little,little,1441.0301653123508,21.500839137281947,furniture/equipment,1
42.38205026806646,male,2,own,moderate,none,5205.877581001982,63.006085133923534,business,1
27.301345328397314,male,2,rent,little,none,2080.245043314186,14.418414258183285,radio/TV,1
38.96372201714831,male,1,own,little,moderate,1652.8580106244065,21.97345779519262,radio/TV,1
61.02168993752863,male,2,own,none,none,3009.2208826710084,30.183363403852375,car,1
44.986012675606446,male,2,free,none,none,11219.702695974125,55.84503645988728,car,1
37.730777183918526,male,2,own,none,moderate,3866.4284011336363,18.03881723067545,radio/TV,1
49.881369529649454,male,3,own,little,little,3264.866623334775,36.99925537532574,business,1
35.70176504951705,female,2,rent,quite rich,moderate,5302.766628171061,28.062312522645684,car,0
23.673914699430796,male,2,rent,none,none,4864.039212065578,27.36510687721239,furniture/equipment,0
32.72509819634526,female,2,own,quite rich,none,1584.076565323306,14.843970024559328,car,1
43.00690750515581,male,2,own,little,none,3596.40213366722,20.597933253764772,car,1
39.04808743089377,male,1,own,little,none,946.8472144867958,17.924309468804353,car,1
34.31577442618497,male,1,own,little,none,1231.4937679793595,30.08500541252252,education,1
32.36684613901735,male,2,rent,little,little,6055.063664788372,31.306461114037457,furniture/equipment,0
49.05778455092502,male,2,own,little,none,2970.103528507563,20.25772662085263,business,1
36.085774173380194,female,3,own,little,little,10999.088213311972,48.580940353590115,education,1
31.883411024125365,male,1,own,little,little,2989.086966752703,16.060122037684373,radio/TV,1
43.043172323428,male,1,own,little,none,8094.5954697544,13.849760678494706,car,0
55.189381948155855,female,1,rent,none,none,1549.6913793130877,12.605332060616774,education,1
66.02747947272364,female,2,free,none,rich,1681.6221773622353,28.49400936251271,radio/TV,1
29.713545657498543,female,2,rent,little,none,2656.5661054153106,14.12790899325357,furniture/equipment,1
110.58437902556437,male,3,free,little,little,8488.272864006161,31.5707847974286,car,0
49.89540082128285,male,2,rent,little,little,9141.615505454405,75.98068446073096,business,1
84.12329493834726,female,2,free,little,none,4140.477061241817,31.15230327511605,car,0
53.52824670258219,female,2,own,none,none,1704.7408717585743,15.47128228102687,radio/TV,1
38.66677256865655,male,3,rent,moderate,none,2267.371550806863,34.12867895140252,radio/TV,1
31.521568501813945,male,2,free,quite rich,little,4433.823774790824,28.615970094069567,furniture/equipment,0
32.50223872617705,female,2,own,little,none,4166.476449918893,40.38368651081623,business,0
38.33235367356921,male,2,own,little,moderate,3406.733545172629,50.53069041146093,car,1
28.04253991777392,female,2,own,little,none,1334.888340849843,12.404465064816142,furniture/equipment,1
58.77202647591008,male,1,rent,none,none,928.1216918027519,9.730373154132113,radio/TV,1
68.14443301075251,male,1,rent,none,none,1782.3612978638193,17.639323179610454,business,1
38.438198747524595,female,2,rent,none,little,4206.287304126831,30.23569193534008,car,0
32.29928340631963,male,2,own,quite rich,little,3328.6833746888565,32.835269583780736,furniture/equipment,1
41.194845756521524,male,3,free,little,little,3927.5394739618278,28.431138524784345,car,1
35.49770460105053,male,2,own,little,little,2076.9980573115454,16.505679957681373,furniture/equipment,1
35.72656726148426,female,1,rent,little,little,2139.123168020944,31.67861756636824,radio/TV,1
35.39885606148159,female,1,rent,none,moderate,6695.778952523291,40.41911484648065,business,0
36.47614430855429,male,1,own,little,little,1342.853065643446,14.825313513557528,car,1
53.86565172929174,male,2,own,little,little,3342.5931426289317,34.016749753298484,radio/TV,1
35.99617980881129,male,1,own,little,moderate,1457.2044011850198,12.152926858274554,radio/TV,1
68.52224668747041,male,2,rent,little,little,6821.746317168126,13.123916217024654,car,0
55.0715506809506,male,2,own,little,little,912.9294257969215,15.21917940930896,car,1
39.5128882594722,male,3,own,little,none,9652.329056302326,46.0059001591859,car,0
57.991785076773276,male,2,own,rich,none,1448.699579603236,23.745415924571468,radio/TV,1
28.580029336099333,female,2,rent,little,moderate,1718.3519388912416,17.938011173747775,car,1
47.18090469297543,male,1,own,little,moderate,1123.92452593583,16.83013098309813,car,1
32.39645043366549,male,2,own,little,little,5475.871899722133,29.63064386801862,furniture/equipment,0
49.51902548773033,male,1,own,little,none,908.1250168384628,15.632776055821727,education,1
28.908916555319855,female,1,rent,moderate,none,2097.5293417638627,23.314732735420016,business,1
35.14736927115808,male,2,own,little,none,2496.866908365642,27.402775767969295,furniture/equipment,1
24.98762187782933,female,2,rent,none,none,6603.928492235988,14.471521300218777,car,0
25.640970850255044,male,2,own,moderate,little,872.736063030136,14.92708691162417,radio/TV,1
37.51442849115252,male,3,own,little,moderate,15748.067356846208,65.78267698286439,car,1
39.14776792069944,female,3,own,little,none,26276.164172915458,62.62796864760789,vacation/others,1
47.12118017479253,female,2,own,little,little,736.5409028774666,7.650556893208176,car,1
72.17510392490175,female,3,rent,little,none,4405.136170370101,16.99065914803264,radio/TV,0
53.08047455702294,male,2,own,little,little,1270.2042834899464,32.170110876665596,radio/TV,1
31.84528347314825,female,3,own,none,little,10312.221888040745,57.606665527702035,radio/TV,1
37.36912852063363,male,2,own,none,none,2327.1385833657637,14.549737926751378,business,1
35.07923712947394,male,3,own,quite rich,none,5220.561650639008,30.422236379498475,radio/TV,0
42.17981637758675,female,2,own,little,none,1942.5470510129285,8.154865291051113,radio/TV,1
42.10590360277379,male,2,own,little,moderate,3005.6422051815584,49.24879329771609,education,1
41.459219151774285,male,2,free,moderate,none,3972.853031210862,31.937768567327254,furniture/equipment,1
70.42490046027714,male,3,free,little,none,12332.979847690363,51.136628548174,car,1
51.859186164181835,male,1,own,little,none,575.9998154489599,7.965960459306709,radio/TV,1
54.268850314473276,male,1,own,little,none,1574.6578786186365,12.775932585742932,radio/TV,1
44.591629445684895,male,1,rent,none,none,1991.3182960559066,29.76809025933185,car,1
100.60212193178761,female,3,own,none,little,1798.5083856044712,9.05876360347946,car,1
43.89320151722436,female,2,own,none,none,6405.171588320244,26.196175038630695,car,0
34.53328896994429,male,2,own,none,none,2658.4015576120883,13.032407013340137,furniture/equipment,1
49.81194807499168,male,3,own,little,none,8469.287663374736,44.379051854377195,car,0
34.63820598131756,female,2,rent,none,none,3679.020356214497,31.73585000620863,car,1
36.310267016341605,male,2,rent,little,moderate,4916.789466448988,13.50933396883767,furniture/equipment,0
46.92068892859892,male,2,own,quite rich,none,914.418673109017,44.8342495242598,car,1
38.816672114308425,male,2,rent,little,little,5332.629253234872,13.098666679616576,car,0
29.579555430374498,female,2,own,little,none,10364.465280951597,47.28721805241225,car,0
41.66093722215605,male,0,own,none,none,2010.8020136265304,12.595002637958016,car,1
29.02633876386831,female,2,rent,moderate,moderate,4339.610800292115,40.938018561343654,furniture/equipment,0
45.778105248757385,male,1,rent,little,moderate,3367.188472444666,38.26202630090798,repairs,1
37.30730203957829,female,2,rent,little,little,1956.8379626358371,22.56310447939182,car,1
49.76677042868054,male,2,own,little,none,4786.918393047057,35.89725583967635,business,0
38.50755176183468,male,2,own,little,moderate,1415.7847215203508,22.002301547112598,car,1
42.605795008618635,male,2,own,little,none,1472.2692156921466,11.841415127091846,car,1
48.13251723773867,male,2,own,little,little,4206.578224346407,47.4342833610097,furniture/equipment,0
61.37196102290576,male,2,own,little,moderate,2911.4334370539814,25.899617694401716,car,1
75.13300346375178,female,2,own,none,none,6993.577506817102,19.796875001013113,car,0
38.316461337381995,male,1,rent,little,moderate,8734.656278405431,22.30654988228345,car,0
38.99428366849997,male,2,own,little,little,3710.6932563587166,45.34429682631592,furniture/equipment,1
30.74814902983575,male,1,own,little,none,623.1193487228991,7.38823251854695,repairs,1
48.65818852306438,male,2,own,little,little,3665.587551465577,41.64238335693725,furniture/equipment,1
41.653793108451325,male,3,rent,little,moderate,8586.698587639094,47.325011292775386,car,0
27.374853510253008,female,2,own,rich,none,2118.214185295081,14.943829380167973,furniture/equipment,1
85.21560818375212,male,3,free,little,little,2105.9424935497445,16.217860315291645,car,1
42.65676918507936,male,1,own,moderate,none,2158.04830964775,20.72988787895285,radio/TV,1
43.059178970673926,male,1,own,moderate,none,13986.011910262556,47.967624756053524,business,0
40.89603733351592,male,2,own,none,none,4213.932602629608,11.220547051604786,radio/TV,0
70.39889310134797,male,2,free,rich,none,2076.150196272716,16.607596637317428,repairs,1
59.03683459529176,female,1,own,none,none,351.7537559579107,6.985489476094839,car,1
52.340912444918345,male,3,rent,moderate,moderate,9038.622638681181,29.03838868197005,business,0
75.7764706934057,female,1,own,none,none,438.6761376255566,7.2214799571460535,car,1
45.784347203037925,male,2,own,little,none,5346.5826095174225,25.34410090645076,business,0
73.99965510591925,male,3,own,none,moderate,7926.596969339189,16.73134621696809,radio/TV,0
39.76845566836336,male,2,own,little,rich,7751.080382868611,56.64668199558898,business,1
37.48860108836161,female,1,own,little,none,2231.711558763786,16.88631583825416,furniture/equipment,1
33.013586856864485,male,2,own,none,moderate,7505.220232569224,24.241434435176025,car,0
44.01860460569559,male,3,rent,little,none,2618.3675364354663,8.009157071916588,radio/TV,1
58.252896724434834,male,3,own,none,moderate,13554.232660449601,61.79916274376082,business,1
81.10284474759352,male,2,free,little,rich,1031.9582385458266,13.846882103884914,car,1
30.22418914517929,male,2,own,little,none,1635.551648800568,30.923461841874726,business,1
62.99776014231865,male,3,own,none,none,3016.4888549475163,26.491619934338832,car,1
32.823352482134915,male,2,own,little,little,5969.090357104961,56.87181577795616,radio/TV,1
31.576994395831036,male,2,own,little,moderate,1938.7160061438542,12.48855225047211,business,1
48.38998523106982,male,2,own,quite rich,none,1437.7259451166353,18.497482207729796,domestic appliances,1
31.228928933012384,male,2,own,little,none,4711.350960252007,23.290063791565725,car,0
66.89426851076479,male,2,own,little,little,8405.04537722617,28.659742479260032,furniture/equipment,0
62.090732046631345,male,3,free,little,none,17267.646739832326,37.806980337025415,car,0
35.88572985218742,male,2,own,none,none,7940.88445423721,47.52165467308943,business,0
77.75332210135082,female,2,rent,little,none,8216.441149363369,65.32274571002223,business,1
60.69505179043392,female,0,free,little,little,1515.5227338840375,23.871720256356106,repairs,1
43.771646246437484,male,2,own,none,none,4303.888270571197,53.04210375477904,business,1
32.49407770966798,male,2,own,little,moderate,6726.351714302212,49.33168722270175,radio/TV,1
24.912786207813898,female,2,rent,little,little,1507.7270737797849,12.937982687938701,furniture/equipment,1
41.97770258068606,female,3,own,little,none,4373.771437876194,51.730923987555066,furniture/equipment,1
62.30236549330238,male,1,own,little,none,1931.858344472917,4.765578167152766,car,1
33.96981710429677,male,2,own,little,none,4394.361530326627,68.42593732540752,radio/TV,1
61.00711928281567,male,3,own,none,none,10040.385041236506,54.38889161036817,car,1
38.49799115926247,male,2,own,little,little,4160.8653822382985,29.038583153913454,furniture/equipment,0
38.44781554012435,female,2,own,none,none,2019.7657502562663,17.800822573098383,education,1
36.81426708320575,male,2,own,none,none,4215.185584494291,13.350370216386338,car,0
28.572943411522274,female,1,own,little,little,1147.6590760469187,18.233513944225393,business,1
46.177755570669206,male,2,own,none,none,8327.369295389124,47.16894471176955,business,0
32.66701230787639,male,2,own,quite rich,none,1448.468529703809,15.020606891031699,radio/TV,1
33.60579217041121,female,2,rent,little,none,5484.18909538434,26.92521980528248,furniture/equipment,0
77.17040347586473,male,2,own,none,none,9135.294306704485,32.308595942626624,car,0
50.94641054540969,male,2,own,none,little,1621.2058396535533,7.936010549096759,car,1
47.192698693259395,male,3,free,none,none,16434.80663668987,59.704522817613,car,1
30.78773121290842,male,2,rent,little,none,1823.6092250026047,14.936292219703041,radio/TV,1
41.38174269634981,male,1,free,none,none,14270.372165233981,49.30510982073763,education,1
38.99865371077503,female,2,own,moderate,none,3050.7923573233234,25.512196097938403,car,1
21.33608583822545,female,1,rent,none,none,1227.868875592953,15.27294633436583,furniture/equipment,1
72.04694193944927,female,1,free,little,little,7970.189700020458,60.76512620683266,car,1
57.33896158711076,male,1,own,little,little,380.7283268242589,16.200171639736663,education,1
68.0007695804144,female,3,own,none,rich,1752.2728501329182,13.971677316360509,furniture/equipment,1
39.79180648463618,male,1,own,little,none,1549.917331868277,13.223153054747698,car,1
95.17487668677194,female,2,own,little,none,1701.7143425217216,13.551885971822156,car,1
82.6139881945355,male,0,free,little,moderate,1545.4016974639624,21.888368333468208,car,1
61.764886889887656,male,2,own,quite rich,none,3257.5026680877613,24.33914405449458,radio/TV,1
30.90539159338142,male,2,free,little,little,2605.330158121365,55.07390128585977,radio/TV,1
47.13139849432318,male,3,own,none,none,1609.4256346368727,7.273042048305921,education,1
36.3858489541467,male,1,own,none,none,1700.4825879629554,13.099886954409214,car,1
49.69576879760625,male,2,own,none,none,3773.752953422453,32.353786991443165,business,1
36.01922098820566,male,2,own,little,none,840.6166846985888,17.39605248893518,repairs,1
23.75916416212722,female,2,rent,quite rich,none,3070.5543245826816,18.75755177944789,furniture/equipment,1
33.061861269255814,male,1,own,none,none,5021.794803717258,30.005826004057887,business,0
28.670714923322034,female,2,rent,little,none,534.4035560230413,25.469409633981744,radio/TV,1
60.880835926012104,male,2,own,little,little,3873.6331886202397,63.823569304945465,domestic appliances,1
55.996058729070015,male,2,own,none,moderate,3378.532019285115,25.681772720138355,car,1
79.34515452043384,female,0,own,little,none,818.5458718267154,7.9732368018059026,car,1
32.87851847656194,male,1,own,little,moderate,1084.5592723510326,21.317190086316117,radio/TV,1
82.5975445166607,male,2,own,little,little,792.2276222186968,24.500430454966608,car,1
48.289174250133854,male,3,rent,little,little,4436.326764551144,27.476370602258573,furniture/equipment,0
31.966576920468597,female,2,own,quite rich,little,5648.175841056446,45.08477105470296,furniture/equipment,0
52.3489190750764,male,2,own,little,none,3483.500837485245,25.53947428155662,furniture/equipment,1
50.477746130037445,male,3,own,little,none,2392.4488473577126,17.819234569663656,car,1
76.16013471334321,male,2,own,little,moderate,6388.590779901073,15.227415865555564,radio/TV,0
46.39862779531626,female,2,own,rich,none,2053.1670969331467,16.995406293041984,furniture/equipment,1
61.04587908603977,male,2,own,little,none,1847.8649752713684,14.903980400815577,education,1
39.285847463076365,female,2,own,little,none,2256.212751911976,21.318451529861058,furniture/equipment,1
64.83607311024569,male,2,free,quite rich,none,767.7979925933037,13.850079332417554,education,1
40.24022728750393,female,2,own,little,none,3642.2855691850577,40.2530422567182,radio/TV,1
44.90440152070788,male,2,own,none,none,9723.816793358581,39.32233312302268,radio/TV,0
54.884967056988515,male,2,free,little,none,7106.547719763885,32.12969155351918,radio/TV,0
44.24991429650239,male,3,rent,little,none,6764.8385415359635,63.95129031579939,business,1
39.633220862024984,male,2,own,none,none,5062.368084674292,21.425725289780342,car,0
51.2603271934104,female,2,own,none,none,7778.589206308383,34.3079654035607,radio/TV,0
36.37992317603314,male,2,rent,little,none,2781.9941511211,8.126532211404209,radio/TV,1
48.94153354615833,male,3,own,little,none,2838.034185566447,16.614963447075514,business,1
62.92624098673205,male,2,own,quite rich,little,428.71673746628574,8.108437531454866,radio/TV,1
50.13876312283731,female,2,rent,quite rich,none,1908.9311151979139,15.046596321558457,furniture/equipment,1
30.666294833304303,male,2,own,little,none,1792.5302159707046,16.50787760989577,radio/TV,1
29.208100301125715,female,2,rent,little,little,3229.2850401765013,17.408257396711107,car,1
26.157183025721174,male,1,own,little,moderate,1563.7064175995142,33.729339725510115,car,1
27.692679440421795,female,2,rent,little,none,3341.1356854261458,31.874788062631705,car,1
38.86718004046605,female,2,own,rich,none,1305.715847897195,19.9287049301921,furniture/equipment,1
65.03651597482424,male,2,free,little,little,5627.842704542966,29.17163049977722,car,0
44.83844995811134,female,2,free,quite rich,none,5698.7132605497345,20.33008347461164,car,0
48.76709105786274,male,2,free,none,none,2837.2326520008683,15.55928972888651,radio/TV,1
25.58877688729038,female,2,own,none,none,1043.6448790640056,13.686292850204001,radio/TV,1
48.39969731519253,female,2,rent,rich,rich,510.917065916225,16.104839557222178,radio/TV,1
94.75567636919563,male,1,rent,little,little,3063.9691719939146,29.812990135601495,radio/TV,1
35.863509156340214,male,2,rent,little,little,14825.241679898409,62.46516024366016,business,1
43.871015649164576,female,3,own,little,none,2169.315376924059,11.701193119860967,education,1
32.22493139054672,male,2,own,little,none,1175.4188882379246,17.41404728100445,radio/TV,1
42.97554348768326,male,2,own,little,little,1788.9138013676563,21.67637588097262,radio/TV,1
49.37315691046676,male,2,own,little,little,4694.212581837357,44.678403966861495,furniture/equipment,0
40.34948164117953,male,2,own,none,moderate,6957.760493109801,22.57445045501805,car,0
34.4188536011765,female,1,own,little,rich,1045.91382816281,12.471032232218299,radio/TV,1
28.660782299473567,male,2,own,little,none,20254.862210141626,70.45141002146636,business,1
38.067342734878956,male,2,own,quite rich,none,4688.974851713737,29.267587795817096,radio/TV,0
36.81046959981819,female,2,own,little,little,8061.038881911464,67.56887109435687,radio/TV,1
47.94722196139676,female,2,own,none,none,1473.1312468137326,25.992774197458317,car,1
38.03414113274082,male,2,own,little,none,1953.849597644739,9.444648479126169,radio/TV,1
43.235103456186806,female,2,own,little,little,2617.763344257284,7.224732926287935,radio/TV,1
53.52551203773684,male,2,own,none,none,3822.951708823027,24.459731752174488,radio/TV,1
38.92506142141418,male,3,rent,moderate,moderate,10958.546372376442,41.099081796764715,furniture/equipment,0
33.8412907477452,male,2,own,little,little,5017.354435424127,32.19119738913072,furniture/equipment,0
27.792151344734155,female,2,own,moderate,little,875.1645787385311,15.343118762726565,domestic appliances,1
41.19144810601872,male,3,rent,little,none,2874.356700724146,16.05528647712613,radio/TV,1
26.039088608707182,female,2,own,little,moderate,1895.9727308806791,16.428567223345816,radio/TV,1
29.07662200084933,female,1,rent,little,little,8495.354330461463,47.75622117542112,furniture/equipment,0
43.705391350037566,male,3,own,little,none,1619.4025587992799,32.7786316227609,radio/TV,1
58.125269709163135,male,2,own,none,none,7060.0542767317365,34.912262827145874,repairs,0
35.93753380593539,male,1,own,none,little,905.5429120462982,14.175607934033108,radio/TV,1
38.716181791596,male,2,own,none,moderate,4763.887552556572,50.60813105095487,education,1
60.335960109546534,male,2,own,little,moderate,10936.114820486853,37.23266360165662,furniture/equipment,0
52.40449140410514,male,2,own,none,none,12264.163982700178,57.90913776594036,radio/TV,1
61.90268621413489,female,1,rent,little,none,2584.6490593735257,15.386498549034723,radio/TV,1
44.51320111523732,male,1,own,little,little,2710.8813347190194,14.504626896844183,car,1
30.970130787250604,female,1,rent,little,little,4596.426890469128,26.423396197822193,furniture/equipment,0
40.45730769432478,male,2,own,none,none,6300.565448205453,28.022513235283284,car,0
54.57842598513044,male,2,own,none,none,7733.266992198554,48.05403026128606,business,1
38.90544446001569,female,2,own,none,little,9889.80746449641,29.04520784057849,furniture/equipment,0
43.74933125117725,male,2,rent,little,little,1464.198465053227,18.768441940576885,car,1
29.685968632926745,male,2,own,little,none,2481.2287718216444,25.333799408586437,radio/TV,1
28.207940699820714,female,2,rent,none,none,1461.6312812419073,24.293520211921095,radio/TV,1
42.98986334747135,male,3,own,little,none,3400.808148601393,36.180156094436505,car,1
27.41911558925404,female,2,rent,none,little,1785.3800739045316,34.032307616979665,car,1
38.538865904513536,female,2,own,none,moderate,1411.609811801257,25.45972752340789,car,1
54.688589540972465,male,2,own,little,little,4908.508437802237,20.901836609179558,furniture/equipment,0
74.7742764163337,male,2,own,none,none,2145.3768975896687,20.645790527450135,furniture/equipment,1
87.94251323858796,male,3,own,little,little,20430.43200748128,7.768135918981853,car,0
36.968550777758125,female,3,own,quite rich,none,3816.3992688919475,26.14293821256968,car,1
56.20117195649084,male,2,own,little,little,3155.354103472524,47.4048552259171,furniture/equipment,1
40.17417938859826,male,2,own,none,none,1521.9931872844274,25.10138076230067,radio/TV,1
74.18589106678459,male,2,own,little,none,844.9828243827495,16.200997909205054,radio/TV,1
35.073906062453965,male,2,own,rich,moderate,14897.987471993923,58.18332575355811,radio/TV,1
34.697409932676635,male,2,own,none,little,10207.818338128405,41.22737674077786,business,0
35.049582342703104,female,2,own,little,none,12376.692634194687,59.33957979803537,furniture/equipment,1
54.8969405067552,male,1,own,little,none,1713.7228034202678,19.825024678446432,repairs,1
38.87443628682306,female,2,own,little,none,13917.592676920296,45.707939757082315,radio/TV,0
43.99627757515372,male,2,rent,little,moderate,2256.9153521820167,11.503020373437938,furniture/equipment,1
36.266561274186834,male,2,free,little,none,7046.342062625259,66.07796628019445,education,1
45.25566941745929,male,2,own,little,none,1163.764858365308,21.527651304331386,car,1
50.27317161948881,male,2,own,little,none,2012.4468836261979,17.93423408913232,business,1
72.92993559853689,male,2,own,little,none,2101.14799546708,6.707348358423303,radio/TV,1
37.69282395383401,female,1,own,little,little,4824.772149998066,18.603498475117714,furniture/equipment,0
51.54671741387259,male,2,own,little,none,2336.8763076272944,20.05531783491261,radio/TV,1
42.2494356379822,male,2,own,little,little,3073.3000353275015,16.301176999722372,car,1
46.87822178225731,male,1,own,little,none,1760.020425723226,5.159809711771318,radio/TV,1
55.59246929648939,male,1,own,little,moderate,1405.8085936378816,15.53113115639815,radio/TV,1
73.26684974588788,male,2,own,none,none,2407.8223362801727,40.23165025598285,radio/TV,1
60.291146581308965,male,1,own,none,little,5355.872156659694,7.661358313525392,car,0
35.002654956316306,male,3,free,none,none,16261.016615180133,30.225680641663303,car,0
53.850437004283364,male,2,own,little,none,1178.7822013245327,16.607218937077924,radio/TV,1
47.293603540969954,male,1,own,little,little,861.9826855251927,8.323694610603381,car,1
44.39356232092856,male,3,free,little,little,2476.7872095505377,7.22030596597775,furniture/equipment,1
43.20685934003148,male,1,own,little,moderate,4978.864123090309,31.009467781426316,business,0
22.491430294355006,male,3,rent,little,little,1370.8687921300298,15.239440861535158,radio/TV,1
45.83084648655964,male,2,own,moderate,none,2702.9704549726453,14.39327834917264,radio/TV,1
42.937658441727194,female,2,own,little,none,866.2000588915492,8.01609851036746,radio/TV,1
61.100930367048036,male,2,free,none,rich,1815.196926344979,18.693531363330276,radio/TV,1
86.44122819476924,female,1,own,quite rich,moderate,1071.0575937972849,12.289863446865214,radio/TV,1
33.88003506016205,female,2,rent,none,none,514.7738704646265,7.157885062263402,education,1
79.39256782757123,male,2,own,little,little,2975.1649732358283,17.662848735410186,furniture/equipment,1
63.44475101541061,male,2,own,quite rich,none,1637.3342980926602,18.155501012111905,radio/TV,1
63.28925674436381,male,3,free,little,little,10571.1754211985,63.452651218562096,education,1
39.58523077626781,male,2,rent,little,none,2537.014079462897,8.275115586232841,radio/TV,1
39.25868824335865,male,2,rent,none,none,8588.38350213615,52.203310193159524,radio/TV,1
54.654777192944145,male,2,own,none,none,4247.9161573431975,27.704937286865903,car,0
34.890765390288934,male,2,own,none,none,2342.613217146534,14.124979682639502,car,1
54.354593500210555,male,2,free,little,little,7012.352891392535,52.02762371705722,car,1
38.71392928852547,male,2,own,little,none,1044.9894098570355,15.616979117958913,radio/TV,1
33.4151099194425,male,1,own,little,little,2513.524012631062,16.12466516964046,business,1
53.08867694470863,male,2,rent,little,none,1942.484561146529,15.24098187308708,car,1
43.24481586025283,female,0,rent,little,little,1512.7421904756973,33.14140624654253,car,1
53.82342857982656,male,3,own,none,none,3760.0876099839147,14.898653649779474,car,1
37.307865527110636,male,2,own,little,none,1460.9993375142342,29.401541545385335,car,1
78.1465910410682,male,1,own,little,little,1809.2356927312035,30.66831216579903,car,1
34.63459366558366,male,2,rent,none,none,2785.4268788696345,14.187645464676038,car,1
51.80827381680083,male,1,own,none,rich,1772.0291338035854,35.56930537906036,car,1
77.16935430651394,male,2,own,quite rich,none,4259.192363151603,29.840652981084666,furniture/equipment,0
43.088748639756744,female,1,own,rich,little,866.2528696476959,8.298970071708242,car,1
78.28654324276604,female,2,own,little,none,4960.016885647421,23.777046150565994,repairs,0
40.066443483927415,male,2,own,little,none,12101.453241285859,43.255677418264916,business,0
57.253997899040385,male,2,own,little,none,13941.32404608338,46.77856304683417,car,0
73.96967526445154,male,3,own,none,moderate,9296.35839342078,27.568005558621497,car,0
56.38002726242111,male,2,own,little,none,2302.188668122283,11.530564798422326,car,1
36.09045156552209,female,0,own,none,moderate,5798.840046817234,51.0952066050637,domestic appliances,1
53.3491012962504,male,2,own,rich,none,1831.3299784823869,25.238727707007357,radio/TV,1
34.709516827284695,female,2,own,none,none,1268.2414280082521,16.702697825589997,repairs,1
51.910255792077706,male,2,rent,none,none,9835.359165558328,35.112961037635614,car,0
33.64932859141694,female,0,own,little,none,827.5428941290369,14.304189062662216,business,1
43.481845360537065,female,1,own,none,none,1061.5146228396231,7.4318474367823235,car,1
41.88703550779971,male,3,own,none,none,14881.085665086981,47.506467386400196,car,0
48.81060854794124,female,1,own,little,little,16109.064778088165,63.66519755360207,car,1
40.81350363733196,male,2,own,little,little,8014.2820630369315,38.98234294286239,education,0
33.396717012864684,male,3,own,little,none,8327.980474229204,31.1805283161318,vacation/others,0
55.889386058189814,female,3,free,little,moderate,15519.992618549646,31.57941414077564,car,0
48.19161079404797,male,1,own,little,none,6281.972623777722,30.533893784842675,car,0
54.879488128785674,male,2,own,quite rich,none,3092.047597136241,34.29905721363811,business,1
83.16731755502576,male,1,own,none,none,4735.782216454221,12.079602066825784,education,0
50.9153023048143,male,2,own,none,none,496.35370008325555,8.586115144848538,radio/TV,1
55.1407403292415,male,0,free,none,moderate,7966.219717876246,61.363389502318896,vacation/others,1
52.74489947686006,male,1,own,quite rich,none,1685.6770610086874,20.906216238760386,radio/TV,1
50.7445589045891,male,1,own,little,moderate,2636.937476480881,17.562079673433026,furniture/equipment,1
56.17161414545241,male,2,free,quite rich,none,11855.402475563873,68.69612855650878,car,1
45.23461044585246,female,2,own,none,none,2320.79471018717,28.57886017577104,education,1
44.08618141553546,male,2,own,little,moderate,8188.528535695694,15.295588706949143,car,0
36.519787652797895,female,1,own,little,none,6859.677351114633,30.37160470692049,furniture/equipment,0
33.01294338952877,male,2,own,none,moderate,1928.5505675646493,20.23388180261449,radio/TV,1
53.0823151516581,male,1,own,none,none,4522.894812118496,16.42362426601744,education,0
40.44227689366547,female,2,own,little,little,4757.740654384947,29.18665758233823,radio/TV,0
49.178102243819005,female,2,own,little,none,3971.3621859182354,5.227135405566775,car,1
33.883681226295785,male,2,own,little,rich,1809.4005384052637,13.176087201412635,car,1
70.75136712420951,male,3,free,little,little,1615.9035684544447,11.553556004641512,vacation/others,1
49.43549142515889,male,2,own,quite rich,rich,2961.306681451393,18.731438638984958,car,1
34.2655211608067,male,2,own,little,none,1379.548359531679,15.667036727813397,car,1
33.51205852202067,male,2,own,none,none,1325.2612351422397,30.456840686428656,radio/TV,1
45.37716236625392,male,2,own,little,little,868.1226662395949,16.975233090016097,car,1
74.09100925839367,male,1,own,little,none,1623.2003568644593,12.194992270323144,car,1
37.155197927578506,female,1,own,little,moderate,1680.5990351342332,23.370101383813363,radio/TV,1
39.16559772759027,male,3,own,none,little,18082.44225891225,50.287306845758984,furniture/equipment,1
91.79712037196299,male,1,rent,none,none,3497.947279935728,26.34736358605747,business,1
58.009989421980855,female,2,own,none,none,842.4376488556821,17.671471854762757,car,1
32.35237519060725,female,2,rent,little,little,4279.941379925081,21.802806974059614,furniture/equipment,0
33.884860975396265,male,2,own,moderate,none,1680.541510891107,33.05231082536559,radio/TV,1
65.031953049093,female,1,own,little,none,2780.126129073847,16.0275033464473,furniture/equipment,1
36.178567306025904,male,2,own,little,little,1508.0333145983482,21.392278878803275,radio/TV,1
75.86969469883029,female,1,own,quite rich,rich,1813.9860579678154,29.598746196533988,radio/TV,1
36.805482243082146,male,1,own,little,moderate,1748.3402772308425,14.720437321051492,education,1
31.97625822748043,female,2,rent,none,moderate,2142.077713358218,25.37292583345932,furniture/equipment,1
83.9317793598264,male,3,free,none,none,19268.735831739672,80.55192784998067,car,1
53.525112428435556,male,2,own,little,none,3215.543152494063,27.492150367975782,radio/TV,1
27.429868949363478,female,1,rent,little,none,1734.8607003746763,14.952833982644076,furniture/equipment,1
86.40587090614949,female,2,own,moderate,none,1554.1123720844025,17.40229745000248,radio/TV,1
51.67600562920987,female,1,own,rich,none,2106.1177564861755,33.210634131711814,radio/TV,1
81.78999338922613,male,2,free,little,rich,5653.921942716937,51.74723125658959,car,1
44.09420266713746,male,2,own,little,little,6614.1090761543455,24.205785624439343,car,0
35.42859800515127,male,2,own,none,none,1209.025968002005,32.45573564576888,furniture/equipment,1
42.23670064886305,male,2,own,none,none,1175.6955126668875,14.13561517206723,radio/TV,1
27.856979164313127,female,3,rent,none,none,6841.75717118688,26.35838688450621,car,0
35.430485048610414,female,2,rent,rich,moderate,10617.845858907009,24.402417780038064,car,0
44.05244312503168,female,1,own,none,little,1680.1756688893731,33.15355406447458,radio/TV,1
75.51663034635087,male,2,own,none,none,2635.376118211662,31.50868188097192,car,1
48.45887007701748,male,3,free,little,little,2905.4294733960046,22.993818514717947,radio/TV,1
48.20619586321668,male,3,own,none,moderate,9246.954232770446,51.80048770666594,car,1
49.672710916494864,male,2,own,little,moderate,3416.0425787701674,49.094368858883065,radio/TV,1
28.623248775764797,male,2,own,none,little,1179.3920343770892,17.5395600512663,car,1
46.84381085621846,male,2,free,none,moderate,3339.9356026628166,27.85743486679921,car,1
25.814250997213897,male,2,rent,little,none,682.6766528942691,15.558539251255244,radio/TV,1
42.222425324787785,male,2,own,moderate,none,3679.2846237688364,27.31988790012477,radio/TV,1
31.98667230430259,male,2,own,moderate,none,3428.9024225669946,30.649482403546877,car,1
36.31626561940891,male,2,own,little,little,4394.65473030311,26.777906707089976,education,0
29.477782746503735,female,2,own,little,none,2423.362873351307,12.263952273536765,radio/TV,1
35.12512260388357,female,2,rent,none,none,1481.7141589663852,28.70024053851218,car,1
33.31164558875629,female,2,own,little,moderate,1566.3420728897659,12.261066424451924,radio/TV,1
74.91504661841253,male,2,free,little,none,2613.8424586180813,49.332384479300025,car,1
50.73295221599955,male,2,free,little,little,10533.214649885,63.65070044500919,furniture/equipment,1
31.824083258097076,male,1,own,little,moderate,6590.716755340179,57.081165051212444,radio/TV,1
31.13427763103101,male,2,own,quite rich,none,3231.6062952033376,47.030011467401124,car,1
43.36401087499047,female,3,own,little,none,2785.0311078095906,31.790600676759382,car,1
36.95478290666643,male,2,own,rich,none,7660.669504400686,29.274527934865098,car,0
61.05145696318002,female,2,rent,none,moderate,2640.3191254156345,34.75670584424769,car,1
48.95113574122102,female,2,own,little,rich,3011.9450314398937,15.260138353265722,car,1
29.49287225532125,female,3,own,moderate,none,10545.867447701852,74.60654179275606,car,1
62.96219623751929,male,2,own,moderate,little,1536.4482860612027,11.275815850963994,repairs,1
51.62127222043051,male,2,own,quite rich,none,3145.0816826430582,49.38630272449791,radio/TV,1
54.273799936031935,female,1,own,little,none,4327.295540554535,23.116055430183327,furniture/equipment,0
31.5390315585177,female,2,rent,little,little,2111.8698166899735,22.244999723765314,radio/TV,1
57.57404852845273,male,1,own,little,little,5335.852521463142,41.06298536934588,car,0
40.89573553118234,male,2,own,little,little,6711.50501276578,43.7177885736177,furniture/equipment,0
25.11429679160075,female,2,rent,little,none,9206.998790880458,46.92803786651878,furniture/equipment,0
51.140946314577754,male,3,own,quite rich,moderate,3158.0602560051707,16.38276738193228,car,1
42.22121667764216,male,2,own,little,moderate,3223.2899218843486,7.9580654227080485,radio/TV,1
56.97681198237889,male,1,own,none,rich,4505.761126258515,40.440781504217775,radio/TV,0
42.539826390115394,male,2,own,none,moderate,2643.3261102665715,14.333870789423461,car,1
37.07612478693283,male,2,own,quite rich,moderate,2770.9065946205124,20.734174171251002,business,1
38.48720049642922,male,3,free,little,little,1694.1956666725268,10.833614089272922,car,1
41.40210584263673,male,3,own,little,little,2493.749749482971,32.86264567643727,radio/TV,1
40.661581504690986,male,2,rent,none,none,9457.262359943394,50.780999038660966,business,1
66.43774680102798,male,2,own,little,little,1418.5632375943762,13.861436525632804,car,1
37.24621560924284,male,1,own,none,moderate,3140.822548622827,31.80315995577145,furniture/equipment,1
50.7031202338211,male,1,own,little,little,798.2128836016258,15.322438868484362,furniture/equipment,1
39.8817135593687,female,2,rent,moderate,moderate,3242.032739970489,18.635370635497736,car,1
39.10599895916763,male,2,rent,moderate,none,16692.27265798371,56.43703529418671,education,1
41.9835788193933,male,1,own,little,rich,3442.194191881595,22.140908603698243,furniture/equipment,1
46.95684794598775,male,2,free,none,moderate,15530.3495594249,43.06656213514801,car,0
31.596709883580534,female,2,own,little,none,2922.613419924987,16.3984427220394,radio/TV,1
30.21758033936036,female,1,own,little,little,1345.2589137059813,21.96695375426431,car,1
37.78716240656651,female,3,rent,little,none,3846.210718080376,14.459923803040649,furniture/equipment,1
31.32734235103829,male,2,rent,little,none,2881.0983817731317,41.60302465618885,radio/TV,1
40.20934029279223,male,3,free,little,little,9488.477132011449,30.04101638529476,car,0
36.317058264132875,male,1,own,none,rich,2201.9916097713585,5.166913990441403,car,1
83.65956046006517,female,1,free,little,none,3841.3901923548374,15.891710073192838,education,1
39.23429694197714,male,3,own,moderate,none,2081.8741164820954,29.297743113028915,furniture/equipment,1
34.0590256359164,female,1,rent,none,none,5865.443361318551,40.580693770997385,car,0
43.76043858050215,male,3,free,little,none,5702.653751087594,46.11286000960855,car,0
54.1630404081087,female,1,free,moderate,none,1676.791749052954,12.801804323620281,car,1
59.701018336354025,male,2,own,moderate,moderate,4712.541455176106,32.42437792539644,car,0
32.34063678624008,male,1,own,little,none,986.5095036168304,17.127084195514286,car,1
76.37185066041953,male,2,own,little,little,9331.447683257706,78.7578851968992,business,1
34.77873841564795,male,2,rent,little,none,2301.6833235876843,15.03704297494751,car,1
39.61794411425501,male,2,own,none,none,4746.747905266802,21.612841198046016,car,0
39.90503869559113,male,3,own,none,none,10738.135156741795,41.59726104811599,car,0
47.169523902742796,male,3,free,little,little,6689.0184316108625,24.59928540967834,car,0
38.10661153132812,male,2,own,little,moderate,10555.1094843001,35.30274416146285,car,0
46.35296605439132,female,3,own,little,none,3095.10576989141,32.58567246025599,furniture/equipment,1
93.33153923829198,female,3,free,little,moderate,8262.777227375149,11.584206498283152,car,0
59.75119376690145,male,2,own,none,none,975.6020433400644,34.576643390140205,car,1
34.696723961745974,female,2,rent,none,little,2732.5424808888138,12.515881505415184,furniture/equipment,1
37.21382821319353,male,2,own,none,none,2678.4786678343007,20.93290385581081,radio/TV,1
32.04904951413934,female,2,own,little,none,1294.3294856914417,7.776754263006275,radio/TV,1
43.274519170982515,male,2,free,none,none,887.5532662109966,7.434989541192397,radio/TV,1
53.969777455154784,male,1,own,quite rich,none,3817.1645298253793,28.544313645367303,business,1
34.35377995565905,female,2,free,little,moderate,7598.029637003623,32.18312668484158,education,0
27.7178780008836,female,2,rent,none,little,11433.93817076932,24.04255096668047,education,0
54.838899408197264,male,2,own,none,little,3022.902444554447,26.162556844112398,furniture/equipment,1
87.96627303319693,male,3,free,little,moderate,9808.495495037045,12.962106918283169,car,0
64.91405712908858,female,3,free,little,little,8883.215907251444,36.93209278288906,car,0
68.22817588872965,male,2,own,little,little,1744.7290260155387,17.02110797423541,car,1
60.797535072466545,male,2,free,little,moderate,7743.71298834399,65.86956909593047,education,1
64.33002071685786,male,2,free,little,none,2360.9294001784156,23.6012384847661,furniture/equipment,1
61.56463032484418,male,1,own,none,none,1942.0079278246228,25.212882961074005,radio/TV,1
32.82808631185168,female,2,own,little,little,472.6175220704655,8.110796865834871,domestic appliances,1
28.800968343381278,male,1,own,little,none,1410.3745963727179,13.026204752774035,radio/TV,1
44.04833779057779,male,2,own,little,none,4048.692462360586,15.235722809680903,furniture/equipment,0
34.42123231498765,male,2,free,little,little,5983.923033329224,62.01159677921909,car,1
33.19773676362127,male,3,own,quite rich,none,3188.9174282497333,29.488722792365834,radio/TV,1
49.4877065040116,male,2,free,none,none,7955.934644651325,63.41088402862868,business,1
44.96218186235834,male,2,own,little,none,1864.1866639742836,18.76728587983446,radio/TV,1
42.21903543997375,male,2,own,little,little,6276.664954292396,43.77800999484866,furniture/equipment,0
40.0676224744139,male,2,rent,little,little,8585.058398449675,15.623212884974107,radio/TV,0
32.31413667560369,male,2,own,little,little,2714.008659978931,10.629932922418533,furniture/equipment,1
32.03862139453514,female,2,rent,little,little,1852.639827208739,19.425179768807826,furniture/equipment,1
72.03934659917073,female,3,own,none,none,8594.371500609415,35.86163674481249,car,0
58.94691216728108,male,3,own,little,none,8547.912557334652,8.08404444942748,car,0
85.74522057969281,male,2,rent,none,none,9391.288056855727,23.923705255811072,car,0
33.79036009896595,female,2,own,none,moderate,4060.343820317474,41.87351889332481,radio/TV,0
49.389886827133424,male,1,own,little,little,1837.4406046799827,7.325470924983262,car,1
37.166468543942024,male,3,own,little,little,5166.405402754943,46.92242914642133,furniture/equipment,0
66.10163168464224,male,2,own,none,none,3152.91210965147,27.923947690976078,radio/TV,1
44.49451439651586,male,2,own,little,rich,5519.538354313527,49.325381214928974,radio/TV,1
63.563393686092866,male,2,free,little,little,3561.6953892526594,24.333968124792218,radio/TV,1
77.69447324162508,female,1,own,little,little,516.7074583589915,16.194966025233086,radio/TV,1
50.83366007538087,male,1,rent,little,little,2863.006399544072,15.601942837628329,car,1
39.61695339266658,male,2,own,little,none,2926.392225910186,32.195454937893096,car,1
51.907934438630406,female,2,own,little,little,932.8125088910731,8.762603464985158,car,1
40.427255975494596,female,2,own,quite rich,moderate,11782.400236483738,61.03154756619834,car,1
36.69202592466498,male,2,own,none,none,5729.683980130554,59.123903326695384,car,1
25.870429842387626,male,1,own,little,little,1381.216118051893,10.722486330736732,radio/TV,1
51.71900188267598,male,2,own,little,little,2356.6477207403987,18.1976085576025,car,1
39.23924254500851,female,2,rent,none,little,1620.1263757703919,31.434751903423937,car,1
35.58507614155826,female,0,rent,little,moderate,2499.8566890834895,21.15590032005286,car,1
42.59732872011509,male,2,own,none,none,4286.633472926745,30.584926021796225,radio/TV,0
25.458936120199485,male,1,own,little,little,1763.8120857605415,15.316900164825451,furniture/equipment,1
31.419057890408567,female,2,rent,none,little,1396.085314655936,15.111737706594752,education,1
63.07253379543821,female,2,free,moderate,moderate,3796.0102384967076,44.87487598496044,radio/TV,1
33.878730744051715,male,2,own,none,little,8420.8940873335,39.88491436712646,furniture/equipment,0
104.84129024890557,male,3,own,little,none,5716.665166777169,27.606581651571254,business,0
34.22987410355453,male,2,own,little,none,1403.7138883121524,8.568563746000036,radio/TV,1
31.578316996881057,male,2,own,little,none,4725.204966949807,44.40447972673394,radio/TV,0
32.752028743104525,male,2,own,little,moderate,1216.1648100012967,10.977522788350514,business,1
39.816710175982166,female,3,own,little,none,5739.9163618266975,42.22800504938205,radio/TV,0
63.419374986971704,male,1,own,none,little,1469.893009926546,16.40260815665546,furniture/equipment,1
46.063427544004384,male,1,own,none,none,2000.5527938422215,8.2031667646887,business,1
39.64573615380256,male,2,own,none,none,3986.834465934654,32.12208497281415,business,1
45.35317042940628,male,2,rent,little,little,4547.4827764785305,7.203342886920124,car,0
36.075208197499705,male,2,own,rich,little,3864.518198066797,23.84918674127654,furniture/equipment,1
44.69366187797612,male,3,own,none,little,2803.1982509595387,21.270498867478103,car,1
45.10165611555185,male,1,rent,none,none,1601.2966416133202,12.747236744903816,car,1
29.57896675368943,female,2,own,none,none,12054.59760811608,84.17647860573196,radio/TV,1
52.154220675137275,male,2,own,none,none,4380.359235476135,41.39010578121223,radio/TV,0
33.794121678918565,female,0,own,little,little,963.3076366547499,23.42732929657278,education,1
26.781878709359678,male,1,rent,little,little,2474.1553141873173,28.86046421778518,radio/TV,1
68.00737552624693,male,3,free,little,little,10350.354334633217,16.374705254609033,furniture/equipment,0
40.810937216882216,male,3,own,moderate,none,2590.992107070552,39.05814371309408,radio/TV,1
48.87367830976029,male,2,own,little,none,3275.236525289371,19.223431923185238,radio/TV,1
40.07904254305897,female,2,own,little,little,2340.656875242654,16.539155791579823,furniture/equipment,1
31.211570893231862,male,2,free,little,little,3980.4088534410175,31.14184119871274,furniture/equipment,1
43.32675694453313,male,3,own,little,none,3823.219382808132,29.82514762076445,car,1
41.5317193209137,male,2,own,little,none,7640.026647198171,21.42851306608295,radio/TV,0
45.42008062343164,male,2,own,little,rich,2784.6589063824063,17.6819331362472,radio/TV,1
31.954667018099645,female,2,rent,little,little,2556.497604072866,23.902350945021336,furniture/equipment,1
35.39491652149764,female,2,own,quite rich,none,1657.096034110442,31.89975282403673,radio/TV,1
59.038023629247036,male,2,own,little,none,5413.574743544789,27.142388093744515,furniture/equipment,0
32.58629537859241,female,2,own,little,none,1876.6502742574417,10.819350408720055,business,1
54.78073008794938,male,2,own,quite rich,none,680.3120031604848,18.90626129246388,radio/TV,1
39.69188794193554,male,2,own,moderate,moderate,1759.1042204036003,11.424950447261576,car,1
45.92572834482943,male,3,free,little,little,9913.039925562063,65.90860308660584,car,1
36.29191513759249,male,2,own,none,moderate,2451.3806717135344,11.114406155368457,furniture/equipment,1
30.5204354762883,female,2,own,little,little,4430.973293148807,19.637454782064317,radio/TV,0
48.28982437982484,male,3,rent,little,little,4749.528374870519,7.6978450519224575,furniture/equipment,0
46.05332864501875,male,2,rent,none,none,1342.9189813865337,7.640637263828337,car,1
41.707019097514085,male,2,free,rich,moderate,1371.2075662821421,11.340109585198466,education,1
86.5513076568643,male,2,own,none,little,1344.7557300799697,7.731215498696165,radio/TV,1
30.780620448438665,male,2,free,little,little,4906.64549086014,18.56997558030389,car,0
43.99182390856658,male,2,own,little,none,2004.6504270885362,30.839719316990866,radio/TV,1
35.90426571576438,male,3,free,none,moderate,10576.659872322056,70.41596299231581,radio/TV,1
32.28037352147196,male,2,own,quite rich,none,2512.253158869935,8.091710874937164,car,1
68.34690021797815,male,2,free,little,little,8539.982746815182,53.043015574452376,furniture/equipment,1
31.028530783404104,male,2,rent,little,none,3670.2995908399666,19.709356576888442,car,1
77.18938667700297,female,3,own,little,moderate,1567.0143860106464,12.365262445231412,education,1
