Age,Sex,Job,Housing,Saving accounts,Checking account,Credit amount,Duration,Purpose
28.51474695153397,female,1,own,little,rich,2785.2193208253075,17.388881652622434,radio/TV
58.38585352381525,male,1,free,quite rich,none,2818.3637933179516,10.541450188882877,car
34.179187248668036,male,3,own,little,moderate,6888.4180217226485,31.350091305331148,car
44.34508497330832,male,2,own,little,none,3983.5428427213833,43.701958463964104,car
55.034085906299616,male,2,own,little,none,3860.9576954863305,19.842915257335083,furniture/equipment
31.347787775945434,female,2,rent,little,moderate,1078.9488655290663,13.39380291692488,furniture/equipment
35.85292966019773,female,2,own,little,moderate,3766.630097758988,20.004606499256255,furniture/equipment
61.077834693324476,male,3,own,rich,none,5169.753253897148,28.596230174235128,business
29.873336450423967,male,2,own,little,moderate,17489.612954344786,57.360956612148144,business
62.20178074743458,female,2,rent,little,moderate,8214.363926495233,42.21220557477331,car
63.88073496789067,male,2,own,rich,little,1503.3851586497665,14.510096200133955,car
55.72465155073717,male,3,own,none,none,3978.503427873349,13.093175479574171,car
30.048257586511017,female,2,own,little,none,7054.175468530269,37.0008361673267,radio/TV
55.423580010479384,male,2,own,little,little,1254.9336134092762,14.713943173027355,car
48.35137328407918,male,1,own,little,little,1614.9399530522921,14.241373198347446,car
42.93754584828261,male,2,free,none,none,11270.339198584581,44.6072380357879,car
39.95532638567251,male,2,own,none,moderate,4625.489592854808,22.410545631938334,furniture/equipment
38.54577875711136,male,1,free,moderate,moderate,4591.587038918824,53.941324472969626,business
58.47591548598844,male,2,rent,quite rich,none,1426.4851505372212,6.6794089617954135,car
27.41531372763037,male,2,own,little,little,3629.074440559855,14.232887594254404,radio/TV
45.35922988112641,female,2,rent,little,little,3373.530868062439,19.754873334358066,furniture/equipment
49.86841251330802,male,2,free,none,little,10172.595545697339,42.76349126880747,car
55.15008042712483,male,2,own,little,none,2834.7415347515366,25.58906295119655,furniture/equipment
46.953302081601116,male,1,rent,little,little,774.1909212329635,14.217121740050398,education
35.83806606514241,male,3,own,little,moderate,12774.867371878601,27.9405012283938,vacation/others
27.48296953950525,male,2,rent,little,little,7564.65448799636,33.01818998864887,car
40.82366937875471,male,1,own,little,none,3298.5785819570615,26.583778840649558,radio/TV
53.89307585314381,female,2,own,little,moderate,2617.462949838002,8.487366616853834,radio/TV
29.95529318612966,male,2,own,little,none,9763.51122028775,28.535218804686394,business
26.871836149778257,female,2,rent,little,little,2733.001311554081,34.44147072093368,furniture/equipment
41.18009330328551,female,2,rent,little,little,8321.144891135078,54.19701709016186,business
42.95668398928382,male,1,own,little,little,1516.9886112765355,6.292257638066586,furniture/equipment
63.66635838186726,female,2,own,little,little,1762.9681175448216,26.31497709757867,radio/TV
31.45290994887494,female,2,own,little,little,2655.636580848312,22.42027717842575,radio/TV
39.991322524646534,male,2,own,none,moderate,2504.367613030471,32.5793166434963,car
41.48730662931887,male,2,own,quite rich,little,1951.6740375330676,13.913687892732646,radio/TV
76.5083744097546,male,2,free,none,moderate,1520.9035055298318,21.606699575875677,education
31.888528041629097,female,2,own,little,none,569.8426303448654,6.523523199599311,radio/TV
27.19228919082297,female,2,rent,little,little,5166.223044631856,55.6433051394746,business
51.1095364431698,male,2,own,moderate,little,2055.298206250859,14.362749322506392,car
42.81553118159246,male,2,free,none,none,970.8076850817021,8.054374762667537,radio/TV
35.904725943536846,male,2,own,rich,moderate,3249.368975299866,27.1618232084501,furniture/equipment
33.27550002126447,male,2,own,little,none,5633.399079447708,25.597680889346165,furniture/equipment
59.68001426070186,male,2,own,none,none,2725.219855917751,14.435237117930328,radio/TV
55.837189381022725,male,1,own,little,none,2939.8227852222367,27.39263791512424,car
45.70266280945366,male,2,free,little,little,1565.771876746143,28.52630418580401,car
45.9044839768519,male,2,own,moderate,moderate,2914.639455785063,35.161960727548866,business
79.8465928959638,male,0,own,little,little,4319.764433742879,46.760371986068996,repairs
35.449304806763905,male,2,free,little,little,2402.824838692196,13.937397835475604,radio/TV
35.90796003401841,male,2,own,little,none,5231.907359027826,15.856573911451282,car
27.388665079248163,male,2,own,moderate,little,7339.609907332677,56.647794001371345,car
45.01182546668439,male,3,own,little,none,7247.336438223153,20.96834261939147,car
29.729796453336036,male,3,own,little,none,4990.21706254155,42.549588303557584,radio/TV
37.39877166406669,female,2,rent,none,none,3508.6168478371496,12.029059162543573,car
34.292444269932574,male,2,own,little,little,3790.0622592880254,21.03085785618874,business
23.30391036237158,male,2,rent,little,little,1011.5593421518985,13.888853651878964,education
46.82003544433022,male,1,own,little,little,3766.282788129591,8.847572665335482,car
33.285675889508234,male,1,own,little,little,4213.119092371359,13.372667541810568,furniture/equipment
59.72724502086182,male,2,own,moderate,little,1263.8098426069812,10.884030579079798,radio/TV
68.10188776870933,female,2,own,none,none,2377.472940866204,14.661801243423586,education
47.0377043613054,male,2,own,little,rich,2454.8692556060673,6.828566869106383,furniture/equipment
38.63577727652308,male,2,own,quite rich,moderate,1514.6400398926949,16.13220192307729,business
43.71398909470477,male,3,own,little,none,7009.540110239798,39.771694125011216,car
34.43432490080192,male,2,own,little,none,5695.613101510041,21.755481160740697,radio/TV
55.15529811866033,male,1,own,little,none,716.3907619044995,14.199250094215067,car
71.1603622457372,male,3,own,little,rich,2157.213271182107,37.41182615469562,business
30.802100203148633,female,3,own,little,none,12776.954339890754,39.81901846107647,furniture/equipment
27.274077740723598,female,1,own,little,moderate,2451.284685788137,14.70429486563816,radio/TV
27.650658450370347,male,1,own,little,little,739.3295085210259,13.93886755351534,radio/TV
69.35157437467663,female,3,rent,little,little,1539.3780893610688,28.375787445270923,radio/TV
28.04715663906184,male,2,own,little,none,1686.6235998881896,10.252949563103563,radio/TV
27.655207664083605,female,2,own,little,none,3094.9173641113393,16.595279182159725,furniture/equipment
29.06655146170796,male,2,rent,little,little,2904.7384617162484,17.911055646692677,business
40.02771241605472,male,2,own,little,none,3089.833456958059,21.349021826291022,car
35.773701977800854,male,2,own,little,moderate,1429.6878459386062,19.87535330949265,radio/TV
33.37915437696019,female,2,own,little,little,2346.8049017819585,14.613265680663297,car
24.338603386263518,male,2,rent,little,moderate,3407.206007631068,54.38294709569235,radio/TV
55.99383952704055,male,2,free,little,little,4564.6355218946255,55.5223115933947,car
73.58317777164937,male,2,own,little,little,3360.198972594163,27.69551743485124,car
25.876571019843283,female,1,rent,little,little,3911.263192316555,28.264869325339085,furniture/equipment
28.663460318495655,female,2,rent,little,none,1771.5691103556292,9.962233618384683,furniture/equipment
43.05053854153234,male,3,own,none,none,3627.6412366120144,20.72702833124767,car
25.292033534913084,female,2,rent,little,little,1623.0114161944362,25.017139746468978,car
26.504999117752384,female,1,rent,little,none,722.5270343559256,4.775291129100586,furniture/equipment
26.922964584167417,male,2,own,little,little,2539.8828622624214,38.58931219960465,business
35.484837641071906,female,3,own,little,rich,1831.2023299067455,14.702051897057398,furniture/equipment
48.5102915767498,female,2,own,quite rich,none,9053.870030346638,40.805783830860385,furniture/equipment
47.25488770079901,male,2,free,moderate,none,1523.7196422900308,6.836499905420647,radio/TV
49.983285348556784,male,2,own,little,rich,1584.1124718809883,6.711679828174648,car
39.9555465146468,male,1,own,rich,little,2339.749682495571,20.44076501347013,business
28.83546445745957,female,2,own,little,none,2665.511956075985,21.97667821063323,radio/TV
39.319036557678785,male,2,free,little,none,2137.986573129209,36.921944418236855,education
41.99696580082637,female,1,own,little,none,1891.6406306017075,25.490813655392593,business
51.58917971357787,male,2,own,little,rich,3645.9382398187295,35.007035221652565,radio/TV
60.54202058251743,female,2,own,little,moderate,1331.2658809106488,13.07578701128567,radio/TV
41.16693089613428,male,2,own,little,none,6907.788158164934,39.46443769251137,car
33.90015001483602,male,1,own,little,none,2315.2542266558708,29.61167163264984,furniture/equipment
42.28418123639703,male,2,own,none,none,3183.8304675689033,52.93078348813744,car
57.23758073109093,female,1,own,little,little,1267.2107443967125,6.553994846821212,education
28.335348889899947,female,2,own,none,none,969.3999111778577,18.102985906773547,domestic appliances
63.179891146390695,male,2,own,rich,none,1650.9967692718703,14.00313172577155,car
35.313403848937874,male,2,rent,little,little,2602.0267027011205,39.71173396223448,radio/TV
39.199229494390416,male,1,own,none,none,2185.427883696514,6.964987492621384,radio/TV
68.30823025972728,male,3,free,little,moderate,2370.7908243836023,39.5536451694475,business
45.31358814631392,male,2,own,little,none,1837.8946011405772,28.920985678107126,furniture/equipment
38.69128398802574,male,3,own,none,rich,3916.741891359137,14.436822578923877,radio/TV
33.563216723193314,male,2,own,quite rich,rich,1016.0047541809928,14.119203719293164,car
76.88603267506181,male,0,free,quite rich,rich,1757.2227638860143,14.016996636748209,car
35.56247064954651,male,2,own,quite rich,none,3520.812594571906,7.428356437460211,furniture/equipment
31.123418726694048,male,2,own,none,none,3906.5952957931727,27.599623592865868,radio/TV
26.55006895245124,male,2,rent,rich,none,3821.3701452339146,16.363594405934396,car
36.24036310624092,male,2,own,little,little,2738.6987811479617,28.139368695398765,furniture/equipment
40.55645361649978,female,2,own,little,none,5177.637746362385,45.1548846891668,radio/TV
44.45629161136759,male,2,own,little,none,7316.707841385586,32.97786076022122,radio/TV
46.789159970968434,male,0,own,little,moderate,4111.394451936541,20.374683509975412,business
48.534625449999076,male,2,own,none,none,4704.690250358185,28.09973524572174,car
37.52079315804485,female,2,own,little,none,5442.800540315148,6.883828545298279,furniture/equipment
36.381186735646246,male,2,own,little,none,812.6906497666303,13.210617851773609,education
47.11188290329168,male,3,own,little,moderate,8315.49992631522,21.709672070607425,furniture/equipment
28.478324987085635,male,3,own,little,little,3961.5505707870307,34.18205497472329,radio/TV
39.49072143978642,male,3,own,little,none,4549.916400723497,20.876518313121515,furniture/equipment
53.15263346028761,male,1,own,little,none,8122.4986195727015,26.515118052316794,car
31.12610556243958,male,2,own,none,moderate,2182.5956887557572,19.305935527451872,business
38.07347489426158,male,2,free,none,none,7277.565572044601,69.77392794366354,car
46.23167925617754,male,3,own,none,none,7637.166468420125,28.92465281197951,car
45.74890711463385,male,2,own,none,moderate,2606.211269104489,21.127650971845842,business
24.9500630685261,female,0,rent,none,moderate,8383.986797859334,13.798557695448688,car
46.6772978830266,male,2,own,little,moderate,7435.12223686427,20.16965551338962,furniture/equipment
30.076617251306153,male,2,own,moderate,little,1697.477710420093,26.28940364073829,business
33.27386765061895,male,2,own,little,moderate,3014.7071281819553,23.834751326324877,vacation/others
35.425438228980774,male,1,own,little,little,3487.9219935518768,35.870657432078374,furniture/equipment
28.80380108856298,male,2,rent,quite rich,little,3997.1578832056307,19.30884319197834,radio/TV
28.827409765860917,male,2,own,little,little,6301.800735518289,44.26171016072523,radio/TV
38.77624148392032,male,2,own,little,little,4123.836719100069,49.5055495638774,radio/TV
32.51758026322346,female,3,own,little,none,1654.865020173765,14.639756787087475,business
38.62208667569025,female,2,own,little,little,2072.0608059371243,38.984170052726796,car
31.832118125671645,male,2,own,little,little,6591.432278142499,43.268351689169116,education
36.618040317814874,male,2,own,little,none,838.0904004120321,13.71061841413962,radio/TV
36.91356283037085,female,1,own,none,moderate,3713.197164024949,10.576252992102836,car
25.408827165731772,male,2,own,little,moderate,1493.1105671244707,14.877816493756178,radio/TV
39.675207651291124,male,2,own,little,little,7600.80747568512,56.894589393156316,radio/TV
26.40890639192541,male,2,own,moderate,moderate,6678.3199375863705,81.92634740347668,radio/TV
36.83266746754067,male,3,own,quite rich,none,743.7988270467998,19.776267713100697,radio/TV
30.148056599721063,female,3,own,moderate,rich,3346.955447508643,25.441500601355106,car
53.0773742406515,male,2,own,little,none,1955.430331588951,13.22117674454957,furniture/equipment
26.871758369076094,male,2,own,little,rich,4290.587915468288,44.331243398590175,radio/TV
73.50240709067495,female,0,own,little,none,1178.9486681162318,20.444053815354142,radio/TV
46.404560815242434,male,1,own,none,little,1837.0713704452792,25.82011117624874,car
51.70973630173121,male,1,own,quite rich,none,2008.511223568894,7.103679387017783,radio/TV
35.23775992213792,male,3,free,little,none,1749.0612935615325,20.576704059501786,radio/TV
29.84116940744636,female,2,own,none,moderate,1951.5640080388196,33.72090544226081,radio/TV
27.208623368731427,female,2,own,little,little,4097.118119318433,20.393182910388525,radio/TV
40.2451043907023,female,1,rent,none,none,2377.1067409359844,17.571237519281425,furniture/equipment
27.055037068925042,male,2,own,none,moderate,1813.7273336222356,13.846293897730629,radio/TV
41.04758651225655,male,2,own,quite rich,none,4631.697246846861,47.05299604305572,furniture/equipment
42.81757040330786,male,2,own,little,none,1776.2388379964655,20.55093173071413,radio/TV
28.284505408032953,male,1,rent,little,little,1804.3926692749965,27.694292435662977,radio/TV
58.93827843466809,male,2,own,little,none,840.9246029066632,12.52275954335111,radio/TV
43.838599896738636,male,1,own,none,none,11120.216202813554,63.33705390992948,car
26.23852169955671,female,2,rent,little,little,4279.20681220316,19.818250897754872,furniture/equipment
27.63531671001306,male,2,own,little,little,11382.788872738227,39.32400167422965,car
27.04414111282636,female,2,own,moderate,none,4243.004201255096,25.575186783467146,car
49.5420166428357,female,1,own,none,none,4447.9329342902565,38.17099350383779,radio/TV
33.47253373691236,male,2,own,little,none,1612.2122555160186,16.23341437266578,radio/TV
27.72864955444816,male,1,own,little,little,2001.2115871040107,26.74917485084341,furniture/equipment
29.485499737856845,male,2,own,little,none,1314.8783061911815,14.971955482515941,business
46.07154761128519,male,3,free,little,little,3626.4700705304713,40.45341658338863,car
48.13219224940864,male,2,own,little,none,4130.596629101296,13.906650063760818,furniture/equipment
23.20507533923463,female,1,rent,little,moderate,3120.242534507434,28.080577663807592,car
34.20258795209401,male,3,own,little,little,2027.5071404009034,20.81795866759426,radio/TV
42.310342797344234,male,3,own,moderate,moderate,7921.375762106944,17.191917404455506,car
50.238667632929534,male,2,own,little,little,1649.370282512606,16.353529677300564,furniture/equipment
56.87420872881407,male,2,free,none,none,11058.482510198417,29.34111305793505,car
36.570448744137614,female,2,rent,little,little,4431.484664904336,22.326476979274098,car
46.61601980443468,female,2,own,none,none,1008.1556005352992,10.658670652938655,education
35.80030614018417,male,2,own,little,moderate,6758.513534987788,26.37116569093634,radio/TV
49.249342460345304,female,2,own,little,moderate,4288.571338078826,40.896341383721385,radio/TV
41.8914479438862,female,2,own,little,none,2080.2458000778124,26.442554646107766,car
29.937947655116236,female,2,own,little,none,3406.2302559245954,28.207158664147038,radio/TV
29.622467537662622,female,1,own,little,moderate,1609.768092953776,26.72607335711206,car
34.82793550204755,male,2,own,little,none,1819.6137121367885,22.64855046102594,car
23.43128368285656,male,2,own,little,none,18333.934360731,72.57164578303077,radio/TV
34.01312020757581,male,2,own,little,moderate,1215.1212657064239,13.927544418379327,radio/TV
76.54957549736757,male,2,own,little,little,1735.1930214756662,18.020239697489796,repairs
43.43764356414318,male,2,free,little,rich,1088.8794197740615,28.927080509228766,car
31.848033759197307,male,1,own,none,moderate,8101.062536778485,67.30815753582526,radio/TV
59.52187417836795,male,2,own,little,none,3769.847828726876,13.31026965327482,radio/TV
44.896042070561336,female,2,own,little,none,1227.2964217355895,20.770328756672683,car
42.50555666606949,male,1,rent,quite rich,none,1818.9060107197013,11.93081806224897,car
35.7966626192375,male,2,rent,little,little,3639.3993068530854,27.766872478384098,business
50.229971521129144,male,1,own,little,little,1412.2300938636085,19.2807031660281,domestic appliances
64.55429955280934,male,1,own,little,none,1734.29643963789,13.318305333629493,radio/TV
55.91390892748275,female,1,own,none,moderate,4949.876560432644,27.511232563686747,furniture/equipment
33.55227180441381,female,2,own,little,little,3904.536855812785,13.7546006374045,car
38.61577720583825,female,2,own,rich,none,1677.3764742455126,29.967050612147766,car
38.91947004693242,male,1,own,little,little,13629.067934297715,32.4210180864015,repairs
43.06219406621757,female,1,own,none,none,988.1878080949535,14.103353545101523,radio/TV
37.524011022248125,male,2,rent,little,little,2641.8641897465877,24.489113108328286,car
41.142717632187626,female,2,own,none,little,1548.7100907554977,30.325739694507355,car
27.938293975482647,female,2,rent,little,moderate,3499.3499138923216,13.557361546089622,furniture/equipment
36.10761049131293,male,3,free,little,moderate,9249.795646009752,56.37943068652848,vacation/others
25.03794295743882,male,2,own,quite rich,little,2970.24327173362,28.283712428638374,furniture/equipment
56.473703793175666,male,2,own,none,none,2755.6258292054604,13.917289038931973,car
39.710237651520515,male,2,rent,quite rich,none,3422.253979333276,27.48138575851283,furniture/equipment
60.44296240796084,male,2,own,rich,none,4475.409472775927,28.123170467400055,furniture/equipment
46.273493294798456,male,3,own,little,moderate,5026.090335057862,18.42097852330228,furniture/equipment
64.1569429985737,male,2,own,quite rich,none,1598.588426419855,7.10462084701879,domestic appliances
36.22238524279589,male,1,free,little,little,1704.0958869012698,20.813560113295768,car
60.402114776351944,male,1,own,little,little,879.0111517449216,9.111010041288694,car
31.87707366670441,male,1,own,little,little,734.5978085819694,11.2710879880738,car
32.539343722272434,male,2,own,little,none,3177.0675346751245,40.185118766177006,repairs
45.21759344361231,female,2,own,little,moderate,4189.4864886074465,20.33723160984147,furniture/equipment
23.218963915855973,male,2,own,little,none,1646.1908762878486,11.24619898599213,furniture/equipment
42.100538899450505,male,2,own,moderate,moderate,1356.4973806601542,26.601526434180172,radio/TV
25.705859585271384,male,2,rent,moderate,moderate,1563.3129123600436,16.837413537797595,car
34.34203665248298,female,2,own,little,moderate,1112.3398220670338,10.283838559456118,furniture/equipment
41.04270139477644,male,2,own,little,moderate,896.1781380550606,17.88055086159716,radio/TV
52.146338516747306,male,2,free,none,none,1463.547420786469,17.405851880514984,car
25.012706609472232,male,1,own,quite rich,moderate,2857.6362391675157,29.304955781344447,radio/TV
36.37561993524768,male,2,own,moderate,little,2723.0592912692223,26.96139772424737,car
35.702264535096624,male,3,own,little,none,2829.79710921067,10.076690505054504,furniture/equipment
27.922312297253153,male,2,own,little,little,513.5622699098064,10.31525052964963,radio/TV
39.393320062765646,male,2,own,little,rich,1464.6973947433623,28.11101239035579,business
32.66582978082783,female,2,own,moderate,none,1555.0494216801435,7.025461726766391,radio/TV
33.60465782290204,male,2,own,little,little,1980.6762079250666,22.28518765824918,car
40.51850802513883,female,0,own,little,none,1085.1017859059077,14.438364592536512,car
37.77011135706028,male,2,own,little,none,2132.1672219044667,27.90308261519594,radio/TV
43.765313087150275,male,2,own,little,none,2224.1470136302964,12.192266023796952,radio/TV
49.79526728131928,female,1,own,little,none,1722.6061361106836,17.583148745468,radio/TV
40.197518466080375,male,2,own,rich,none,1695.5415535949428,7.230396887320729,furniture/equipment
35.283504303059416,male,2,own,little,none,1584.023724168464,28.15985437374015,car
26.31243743197591,female,3,own,little,rich,2091.5453315563022,21.91160318058247,car
26.276178742520283,female,2,rent,little,little,1412.1431154492284,28.226700763221334,car
41.685968630053814,female,2,free,little,little,1416.467036788194,6.870625426067128,education
35.93567904932106,male,1,own,little,moderate,1712.4036695421325,12.63621736022344,furniture/equipment
49.67593899995284,male,2,free,little,none,6766.44725527191,28.666844546735867,repairs
27.423922898494894,male,1,own,little,little,642.3399129414308,7.072123326301323,radio/TV
50.111044999862926,female,3,rent,little,none,4164.9898981674205,26.068434700153997,car
52.25356808530546,male,1,own,little,moderate,2024.0109759875013,26.054030859043753,radio/TV
39.21526348360301,male,2,own,quite rich,none,2882.0447315680667,27.95125857857022,radio/TV
45.54877179659821,male,2,free,little,little,12708.520171947082,55.549250874643775,car
38.1560236249208,male,1,own,moderate,little,4936.504346431702,20.147289691492514,car
36.561033376969654,male,3,own,little,little,1609.659813714882,10.413442214825427,radio/TV
20.876052417299334,female,2,rent,rich,none,3657.765600808537,18.441470196032697,car
27.279146495841477,female,1,rent,moderate,moderate,959.8910220374884,14.217241484730177,business
41.5414054472563,male,1,own,little,moderate,2529.2795873798386,9.836546170611268,radio/TV
49.261813175699324,female,2,own,little,none,1812.9505486303883,27.466189407428466,radio/TV
26.40677392124295,male,1,own,none,little,4030.851815663413,23.304785195104806,car
24.28640387422818,male,2,own,little,moderate,4689.705131007481,33.91845012538716,furniture/equipment
29.164989138628975,male,1,own,moderate,none,5207.587513245895,33.87957650155553,business
60.43215010336007,male,2,own,moderate,none,2486.9187057272156,27.026825300875192,radio/TV
39.427144157125696,male,3,own,little,moderate,1228.279685505464,6.52345938840798,furniture/equipment
70.83699664200753,male,2,free,little,none,2386.993466926326,27.446814382178168,car
34.13318799551758,male,2,own,moderate,little,1685.235814333942,6.7318177089458064,business
31.34669200822781,female,2,own,little,little,4443.917094796298,15.052913482498298,car
57.244820203595395,male,2,free,little,none,1782.9208740701465,30.063566429401995,education
47.78577941374444,male,2,free,little,little,7272.560858827657,57.81304717012,car
44.963861961049886,male,3,own,little,none,5587.526312801801,16.967774456306252,education
41.99318642207254,male,2,own,moderate,moderate,4565.10406997586,27.622582859688713,car
29.079131864271858,male,2,own,little,little,858.7851860973321,13.097007391609461,car
55.75983333353047,female,1,own,little,none,4271.774258303507,18.52179215835815,car
47.24465890873586,female,1,own,none,moderate,939.0579138786385,7.469186608431933,education
27.198236415066596,female,2,own,little,little,5158.176353599481,23.156693728246523,furniture/equipment
49.834285383998875,male,1,own,little,moderate,1018.367709996529,14.414118386511205,car
39.25826606090365,male,2,free,little,none,1664.9924687597995,17.381465084200443,radio/TV
31.360250048516114,male,2,own,little,rich,1447.3838364704804,6.49898236833722,car
29.045724549038525,male,2,rent,moderate,none,3881.9962180673156,10.164679483966355,car
31.223193534542457,male,2,own,little,none,2759.166419118627,27.758313560126346,radio/TV
22.346537104275193,female,2,own,little,moderate,2216.0515868509756,27.054542737507866,radio/TV
52.01095428343515,male,3,own,none,none,8905.523905686181,54.67523213415591,business
25.719127736362108,female,2,own,little,none,2229.891665761887,20.617740398241793,repairs
25.529154759488147,female,2,rent,little,little,4263.430614223718,27.50294580256144,car
31.536497766471562,female,2,own,little,moderate,1494.2242174461514,20.74703264144773,furniture/equipment
43.074242079994136,male,3,own,little,none,2045.7421324814368,13.163636960162037,car
26.698171858607736,female,2,rent,little,none,2760.770497577393,10.027342732892429,furniture/equipment
69.36280374920206,male,2,own,little,little,3327.5480891795996,26.058498881160034,car
26.727749232730822,male,0,own,little,little,2651.4786482307213,21.580033994717578,furniture/equipment
30.395011492774564,male,2,rent,little,none,3970.3945431860957,6.268305917447901,car
44.365183731171314,male,1,own,little,little,4825.424640765427,13.284474688824307,car
27.985549764908868,female,2,rent,little,little,777.5172287928998,14.631809638357705,furniture/equipment
51.490828497248664,male,2,own,none,moderate,1740.756083470756,17.02336455976303,radio/TV
26.831701535631375,male,2,own,little,moderate,2309.2431770447356,24.476235494607238,radio/TV
41.4265134640707,female,1,own,quite rich,none,3908.6161989226835,13.583213662819624,education
45.1489992467577,female,2,own,none,moderate,6374.509337421166,27.52297900645341,radio/TV
41.966384608499745,male,3,own,little,moderate,13956.677271437013,26.387282136085304,vacation/others
55.512598284219436,male,2,own,little,little,2697.9692956740514,26.98173792743011,car
26.715144115802445,female,1,own,little,little,752.1478721111966,14.718117119318011,radio/TV
57.63111939329517,male,1,own,little,little,2689.8898451573186,11.832463581150868,radio/TV
45.61468539287158,male,2,own,little,little,1765.835377377022,19.867892297059708,furniture/equipment
52.093210127116414,female,2,rent,little,little,2103.6367264219107,16.051800622803427,furniture/equipment
34.15842057774637,female,2,own,little,none,2136.926762622609,20.405684414151207,education
28.45859171612338,female,2,rent,none,little,1463.8770824224976,17.08990741548717,domestic appliances
70.20299510840046,male,2,own,none,none,1103.3347737791194,14.097719512417989,radio/TV
26.849641509699236,female,2,own,none,none,2759.3179225311333,40.43642991737821,radio/TV
42.211732742597654,male,3,rent,none,moderate,8374.062051245517,23.51149957536186,car
27.607739581911122,male,1,rent,quite rich,none,756.3363528564166,7.480546212018068,repairs
35.35759862065549,female,2,own,little,little,1305.0968200123748,21.433950920199834,furniture/equipment
36.12227112944961,male,2,own,moderate,little,3744.6208179479245,55.08458758240614,business
26.493173117709844,male,2,rent,little,little,1834.38233264968,13.690109717368024,radio/TV
38.54688854251943,male,1,own,little,moderate,1518.6890753571645,20.378994179238113,radio/TV
49.29902622273712,male,2,own,none,none,2636.181410568083,29.01676909494257,car
35.83601364439608,male,2,free,none,none,8903.948492998014,53.69444772971687,car
39.98405708094693,male,2,own,none,moderate,3422.054309732091,17.283917031749986,radio/TV
51.72930921014322,male,3,own,little,little,2791.2561064022534,31.11911716753946,business
30.948755573282796,female,2,rent,quite rich,moderate,4957.84779626207,26.99785896862616,car
22.612035031092546,male,2,rent,none,rich,3971.483013079347,25.953041342539077,furniture/equipment
29.671026445383728,female,2,own,quite rich,none,1636.365231620836,13.9937847021706,car
33.165802098217,male,2,own,little,none,3323.8102129573494,17.20424702110846,car
33.30631922684059,male,1,own,little,none,897.2868646760983,16.4501683286056,car
29.83314283213881,male,1,own,little,none,1167.2223689286589,26.959679632272994,education
27.03159574734372,male,2,rent,little,little,4687.314766643132,29.064985558575653,furniture/equipment
38.95260806854804,male,2,own,little,none,2263.6997051350227,19.91090359690934,business
30.322023820449196,female,3,own,little,little,9625.60481240024,44.481672511232205,education
28.0872673469137,male,1,own,little,little,2600.9719849985668,12.751418094103041,radio/TV
44.3918976705341,male,1,own,little,none,8366.561392318887,12.88912353550629,car
45.318294060335475,female,1,rent,none,none,1453.3005743533993,10.56394380713698,education
55.92494914824802,female,2,free,moderate,rich,1749.025163043655,26.64533151847094,radio/TV
24.29554250045219,female,2,rent,little,none,2461.717503078296,11.712196968930506,furniture/equipment
88.67208907603458,male,3,free,little,little,7673.763509700974,29.135422403712187,car
39.42171944720123,male,2,rent,little,little,8774.881256383376,62.3495434819378,business
75.18207935206557,female,2,free,little,none,4528.2230465061575,28.203293768988974,car
44.00646913105911,female,2,own,none,none,1499.5958789447436,12.304037507801954,radio/TV
34.28397946338265,male,3,rent,moderate,none,2246.861307603874,26.44120223577215,radio/TV
34.622983220737076,male,2,free,quite rich,little,3659.9538273632797,29.55499963788113,furniture/equipment
27.621909776316702,female,2,own,little,none,3404.3402377640114,36.99005964490311,business
29.88801562941629,male,2,own,little,moderate,3081.365299584365,39.28701606406385,car
27.22324773825309,female,2,own,little,little,1485.5430109089882,11.401031135507658,furniture/equipment
53.28330837992764,male,1,rent,none,none,811.9689314742934,8.773767218357243,radio/TV
68.91582123012115,male,1,rent,none,none,1449.5464564953227,12.700990651676381,business
30.42425693194832,female,2,rent,none,little,3280.023994888669,26.338428106032787,car
24.236627920227072,male,2,own,quite rich,little,3297.6399102646687,29.39691801981555,furniture/equipment
37.74669096587492,male,3,free,little,little,3407.8894697412334,29.82924281224528,car
31.18893847720637,male,2,own,little,little,2039.2459786415088,13.737941265425828,furniture/equipment
29.994636104299847,female,1,rent,little,little,1945.4706703105844,26.113136756968025,radio/TV
32.07547445130988,female,1,rent,moderate,moderate,4869.750480047801,37.643765252713735,business
31.6463580941097,male,1,own,little,little,1399.50269062804,14.756665435049516,car
47.242717464245295,male,2,own,little,little,3050.292228653397,35.518420481643346,radio/TV
28.916184679907616,male,1,own,little,moderate,1177.8864172010888,9.98441894297816,radio/TV
52.1258150947638,male,2,rent,little,little,5714.110426914142,13.770582395497177,car
58.03244749536382,male,2,own,little,little,825.9858700695348,13.7037839513731,car
37.938462878089695,male,3,own,little,none,8233.038595506498,38.4959046526157,car
54.67422412827866,male,2,own,rich,none,1400.3843564247525,22.0059012943182,radio/TV
28.751387430859115,female,2,rent,little,moderate,1479.533900739644,14.327650224682442,car
43.98391061109109,male,1,own,little,moderate,1026.7755945341364,13.153574353809145,car
31.715393362000025,male,2,own,little,little,4588.212563318943,29.251795740023443,furniture/equipment
48.858886569916564,male,1,own,little,none,827.4100667605536,13.987879284007892,education
26.878648136797384,female,1,rent,moderate,none,1717.2520331874161,21.31835921627302,business
31.415691476331787,male,2,own,little,little,2075.145102550299,29.35984903113432,furniture/equipment
21.333236593210803,female,2,rent,none,none,5748.965558528837,13.133051850291867,car
21.505243853550354,male,2,own,moderate,little,746.5574025616722,13.778504652776121,radio/TV
31.23440648404481,male,3,own,little,moderate,15435.736975708818,67.40563634592235,car
36.84061644475563,female,3,own,little,little,19203.897027348256,51.4371373791229,vacation/others
41.2243390464154,female,2,own,little,little,680.8936147828546,7.004012993281476,car
64.28590497712409,female,3,rent,little,none,3867.1607808561016,19.13366741368832,radio/TV
56.474146354118275,male,2,own,little,little,1261.671176198982,25.39190670659309,radio/TV
35.78720860640102,female,3,own,none,little,8612.321389947201,48.23221071679611,radio/TV
32.02760899050682,male,2,own,little,none,2389.5990980314655,13.002298614291124,business
30.68335434837184,male,3,own,quite rich,none,4084.581491514442,27.747693841987413,radio/TV
31.576089575758004,female,2,own,little,none,1657.1399951511191,6.866061584245277,radio/TV
40.08610990413855,male,2,own,little,moderate,2577.0329132642446,39.061410545797514,education
33.28118134481702,male,2,free,moderate,little,3145.81619305265,27.879344091528196,furniture/equipment
69.03956793101035,male,3,free,little,little,11738.790995067993,46.710795648266554,car
44.91803149682434,male,1,own,little,none,460.30210645793534,6.243023488506433,radio/TV
40.005304854297826,male,1,own,little,moderate,1232.1604923005873,10.887566499231179,radio/TV
49.95456266850163,male,1,rent,moderate,none,1764.457798231108,28.75006298381045,car
86.72213020648108,female,3,own,none,little,1747.7109903155078,6.9154982930553235,car
34.58412994265134,female,2,own,none,none,6099.725845550406,24.390528422615986,car
31.49101269410537,male,2,own,none,none,2437.6863984694164,12.037159006357781,furniture/equipment
39.67452444204654,male,3,own,little,none,7802.785260788709,41.80381138220055,car
31.370862817262058,female,2,rent,little,none,3104.5220349752567,28.684821065713574,car
33.56599872873694,male,2,rent,little,moderate,4296.802235462937,13.62151067947569,furniture/equipment
41.401359913418275,male,2,own,quite rich,none,1058.130150219408,43.7615707294331,car
42.63454407349515,male,2,rent,little,little,4511.0952655466035,12.826432149262974,car
26.057836782760667,female,2,own,little,none,9008.666549017462,41.74929349849057,car
41.03221800476724,male,0,own,none,moderate,1722.9554425922756,9.778472510079585,car
23.479484883597717,female,2,rent,moderate,moderate,3908.8598530250715,34.930433781452564,furniture/equipment
40.67796090134457,male,1,rent,little,moderate,2539.79954774791,39.902481148509985,repairs
33.07232228704473,female,2,rent,little,little,1606.5514751803482,16.771287955103627,car
41.83174394252873,male,2,own,little,little,4308.733290775207,29.949242901773236,business
35.22946499002533,male,2,own,little,moderate,1156.1304840510072,19.740388561290693,car
33.002338720684925,male,2,own,little,none,1418.609522050593,11.306147131357633,car
45.55302487747689,male,2,own,little,little,4414.952413828372,43.79641031157912,furniture/equipment
58.72972048327972,male,2,own,little,moderate,2813.989948696172,26.16638587725147,car
69.00909485611723,female,2,own,none,none,5405.591222736053,16.332828735333326,car
34.42656499600309,male,1,rent,little,moderate,6889.246393253483,20.7641283749198,car
34.767820292057564,male,2,own,little,little,3287.0678841107815,39.071686274632626,furniture/equipment
24.423175077152518,male,1,own,little,moderate,499.79753616668035,6.691291536840881,repairs
47.23389573489428,male,2,own,little,little,3088.3397448604032,39.74737142985016,furniture/equipment
41.01114681714382,male,3,rent,little,moderate,8181.28809920113,43.63125121159481,car
22.606013318756876,female,2,own,rich,little,1737.1960397340022,12.43207367704403,furniture/equipment
77.67463502821599,male,3,free,little,little,1762.9401511189365,14.44102760021641,car
39.6208621195248,male,1,own,moderate,none,1699.6956999236668,17.703090667191386,radio/TV
34.10262449829886,male,1,own,moderate,moderate,11039.165956678644,45.54654975378862,business
38.806008478795334,male,2,own,none,none,3584.2504832777076,9.684250099587123,radio/TV
65.62470266693418,male,2,free,rich,none,1664.3947372179125,14.555539943872077,repairs
47.5015121010603,female,1,own,rich,none,293.0059342245049,7.243932261120218,car
43.47476658587104,male,3,rent,moderate,moderate,8005.20917274389,26.431945394367556,business
56.63475013690792,female,1,own,little,none,426.3000681749503,7.202140000941947,car
42.24231075983733,male,2,own,little,none,4836.380118418965,21.002530466723606,business
56.757270163368375,male,3,own,none,moderate,7879.363015053541,13.663514244027954,radio/TV
36.1117657589154,male,2,own,little,rich,7271.726844857634,46.5697354773588,business
34.67205720770642,female,1,own,little,none,1959.1275990303277,13.368534329130487,furniture/equipment
34.189806715459916,male,2,own,moderate,moderate,7107.794252432123,25.049812095785924,car
33.67800627188829,male,3,rent,little,little,2428.491191695103,6.900204845687244,radio/TV
54.68603925429315,male,3,own,none,moderate,14064.414414912744,57.077112003675495,business
75.08703663194386,male,2,free,little,rich,899.7351055415115,11.104550309166223,car
28.348551201617873,male,2,own,little,none,1402.544722836955,26.66417646453403,business
49.253060874429934,male,3,own,none,none,2765.332866407193,25.28608404971244,car
31.382088200443704,male,2,own,little,little,4719.030748111766,45.46588995574178,radio/TV
29.919928319619693,male,2,own,little,moderate,1721.3330624886514,10.163153804442628,business
41.294303231211664,male,2,own,quite rich,none,1372.8122298468097,17.275520558304173,domestic appliances
31.65282428436996,male,2,own,little,none,4294.115749424288,20.800235341656045,car
63.79892865060765,male,2,own,little,little,7655.955263550422,27.38508805798061,furniture/equipment
68.6684117104362,male,3,free,little,little,17106.376361454524,42.11247560597266,car
36.392454872258774,male,2,own,moderate,none,6518.619947362358,42.64714036047206,business
65.30913673989352,female,2,rent,little,moderate,7778.675656913733,56.963130109102394,business
69.24104597847706,female,0,free,little,little,1328.4273078574897,19.812776572198956,repairs
44.06923358034264,male,2,own,none,none,4555.6991575471975,54.51802776497088,business
28.565824716723114,male,2,own,little,moderate,5466.911649313481,47.179787580660026,radio/TV
23.96392542305557,female,2,rent,little,little,1611.8040590902742,14.336788312544323,furniture/equipment
32.5492313243021,female,3,own,little,none,3652.486644733508,38.92885298733408,furniture/equipment
49.13837920517259,male,1,own,little,none,1695.789456669016,4.67029598007044,car
35.68905759804096,male,2,own,little,little,3615.967862782611,50.452259401500456,radio/TV
51.130976786426146,male,3,own,moderate,none,10053.885332445672,44.94152305901772,car
31.755134748375642,male,2,own,little,little,4755.726787506941,29.87732042009517,furniture/equipment
35.830696693619316,female,2,own,moderate,none,1751.8557344004194,16.539080462048258,education
38.51442549692966,male,2,own,little,none,3281.438753609825,11.082838477254208,car
23.642812566790557,female,1,own,little,little,920.9758193343719,17.823022336179644,business
37.86199939534228,male,2,own,none,none,7553.414697613755,38.622957272622635,business
29.13675014819381,male,2,own,quite rich,little,1459.6892817921391,13.420346982068978,radio/TV
26.70759630117589,female,2,rent,little,none,4457.082131497444,28.3157293650981,furniture/equipment
71.11178125529423,male,2,own,none,none,8215.148828355866,33.54857122846589,car
50.530374346677974,male,2,own,little,little,1378.1398347916718,6.8292090038367075,car
39.796652045605924,male,3,free,none,moderate,15563.97414649577,56.98604570475608,car
24.809149436701453,male,2,rent,little,rich,1439.431704267163,14.052927650121934,radio/TV
40.37134003300185,male,1,free,none,none,11155.3601336648,41.88027311333172,education
33.40756087846123,female,2,own,moderate,little,2810.7901227233065,20.394789948656964,car
20.23977523340922,female,1,rent,rich,moderate,1103.2411379200519,14.022036669161373,furniture/equipment
69.07867395508735,female,1,free,little,little,7239.2131527717565,54.90304156776058,car
53.58893895841123,male,1,own,little,little,417.4513227620287,14.074683365955469,education
65.87373403093073,female,3,own,none,rich,1610.606104841691,13.501840784929211,furniture/equipment
38.74956834379469,male,1,own,little,none,1403.1196288356996,11.408715512810229,car
80.64644455891076,female,2,own,little,none,1528.9293616687023,11.005021103723994,car
76.9892870346952,male,0,free,little,moderate,1291.6330420717939,18.37199391199501,car
46.21914316015571,male,2,own,quite rich,none,2989.4091283474213,24.407899050008268,radio/TV
25.97109580176477,male,2,free,little,little,2008.8415103911818,49.24339548713551,radio/TV
41.40355832056046,male,3,own,none,none,1425.809766685246,6.9775983443566165,education
33.11937903010902,male,1,own,none,none,1454.9552520272118,11.606369887928828,car
34.64797682571093,male,2,own,none,none,3459.510722265642,28.539448481938287,business
33.20842549175163,male,2,own,little,moderate,685.139134103794,13.54132465825494,repairs
24.377180936504562,female,2,rent,quite rich,none,2590.8942497874154,17.556039635127565,furniture/equipment
32.42704928431782,male,1,own,little,none,4932.348818604967,28.260957086728393,business
24.900555188501215,female,2,rent,little,none,454.785623338328,21.100296427048434,radio/TV
64.40688540302594,male,2,own,little,little,3565.7123297302473,53.21843116127486,domestic appliances
50.18361406135787,male,2,own,none,moderate,3511.8006204590038,20.834427134044066,car
66.15074144430265,female,0,own,little,none,732.1560617719755,7.009242088816398,car
28.843136992283462,male,1,own,little,moderate,1068.3223843500725,20.706460620217147,radio/TV
78.08330437008588,male,2,own,little,little,668.6129927174005,21.95919845871036,car
50.00192322546061,male,3,rent,little,little,3728.8367671244055,27.792587548768175,furniture/equipment
27.137814028304586,female,2,own,quite rich,little,4911.212628927367,41.60067621500545,furniture/equipment
49.55605555645891,male,2,own,little,none,2962.4596092496063,20.37596465811871,furniture/equipment
40.32815987487566,male,3,own,little,moderate,2146.068501401354,13.363153741286805,car
57.71853381158009,male,2,own,little,moderate,5615.17024199808,12.855341707841268,radio/TV
44.42894348466828,female,2,own,rich,none,1757.5143819908824,13.987426926279943,furniture/equipment
54.47316693858555,male,2,own,little,none,1613.7459813941127,14.515641099249848,education
31.817893351684276,female,2,own,little,none,1961.1140379561823,19.567918659682,furniture/equipment
50.97791528845391,male,2,free,quite rich,none,832.0069326699746,11.865690126287497,education
39.76041331615062,female,2,own,little,none,3127.7018733506584,35.385633091877196,radio/TV
42.960937343089924,male,2,own,none,none,7505.352856352989,34.286780194589184,radio/TV
52.881217227176876,male,2,free,little,none,6183.839173654943,28.006424781506027,radio/TV
38.90114471945199,male,3,rent,little,none,5834.915311207931,57.67069795583606,business
31.162593846091355,male,2,own,none,none,4197.704757897295,17.904236535021337,car
51.00693526516094,female,2,own,none,none,6509.869261977543,26.228376825511525,radio/TV
34.0064967105112,male,2,rent,little,none,2390.850549402168,7.146047456026645,radio/TV
51.88539260007437,male,3,own,little,none,2774.8209964176144,13.761186836980489,business
57.7958711129054,male,2,own,quite rich,little,391.0950158405144,6.921862229404654,radio/TV
40.185047636715694,female,2,rent,quite rich,none,1774.8850007527167,13.843918194601017,furniture/equipment
27.630715048843697,male,2,own,little,none,1476.1183556657847,13.709854206721042,radio/TV
24.91294622463784,female,2,rent,little,little,2911.7617665753232,18.143780622830295,car
27.987155961422825,male,1,own,little,moderate,1413.6420442801839,27.499538448180946,car
25.776071259775236,female,2,rent,little,none,2972.660006264523,29.53861272668272,car
34.98032486692324,female,2,own,rich,none,1096.6814478537337,16.9548526080227,furniture/equipment
64.18643160606564,male,2,free,little,little,5772.924462773672,27.81443366017257,car
40.48442716601541,female,2,free,quite rich,none,6377.274156730718,18.171911088222785,car
42.37404345175358,male,2,free,none,none,2531.286500975119,14.1618568109693,radio/TV
23.800310499993547,female,2,own,none,none,959.9263801573903,13.289678832751774,radio/TV
47.64817891810711,female,2,rent,rich,rich,432.7996001200375,15.291113950007333,radio/TV
68.6470350198111,male,1,rent,little,little,2802.1525661679752,27.917730373173576,radio/TV
33.73316940723064,male,2,rent,little,little,12936.531009072476,54.61962916049778,business
39.03143235263612,female,3,own,little,moderate,1564.5755609989162,10.281728504890246,education
27.307164832689555,male,2,own,little,moderate,1031.4363164598155,15.296683509058543,radio/TV
30.02158054537019,male,2,own,little,little,1714.404217547355,21.455521654066565,radio/TV
47.95832222670491,male,2,own,little,little,3961.853981941676,43.59275048115766,furniture/equipment
33.19321045498855,male,2,own,moderate,moderate,6991.829344146667,21.6516314748404,car
32.301014531550464,female,1,own,little,rich,859.7981436058967,10.742488650032838,radio/TV
27.298972815438585,male,2,own,little,little,17945.31006775942,54.44379184513413,business
33.87782456382001,male,2,own,quite rich,none,4102.121616832402,26.913904749652723,radio/TV
35.785584318205146,female,2,own,little,little,7673.616231518653,55.99825802477807,radio/TV
42.98112946032954,female,2,own,rich,none,1497.2566954105268,28.719753686809277,car
36.76519310702986,male,2,own,little,little,1648.8440348980582,9.110911719689357,radio/TV
34.7388227273926,female,2,own,little,little,2185.1773491110275,7.219551589714315,radio/TV
47.62275223997074,male,2,own,none,none,3790.7426912267706,25.675247582760488,radio/TV
31.706539523475694,male,3,rent,moderate,moderate,10310.070677900683,39.75062234566784,furniture/equipment
31.522397015586677,male,2,own,little,little,3950.57965967407,26.59569515544446,furniture/equipment
24.315110188974877,female,2,own,moderate,little,872.0276897042835,13.715774964656799,domestic appliances
37.29742322420148,male,3,rent,little,none,2169.2653675872093,13.984567600913515,radio/TV
27.87161051992713,female,2,own,little,moderate,1804.257993679871,13.485259791739768,radio/TV
25.460129678042904,female,1,rent,little,little,7160.509888495163,43.833964821960855,furniture/equipment
42.361574152274414,male,3,own,little,none,1539.0887266566376,28.10888023382214,radio/TV
53.45581942828315,male,2,own,none,none,6091.684191432347,31.103253515124997,repairs
39.66757438676635,male,1,own,moderate,little,835.1402700496141,12.938454285678883,radio/TV
29.34190114773496,male,2,own,none,moderate,4419.3865368166125,39.031531530430485,education
57.52743755814789,male,2,own,little,moderate,10226.814025302958,34.921513875422704,furniture/equipment
40.934970411254696,male,2,own,none,none,12040.396847576434,50.08177049722838,radio/TV
50.14463390398359,female,1,rent,little,rich,2164.12366389627,14.407582445786442,radio/TV
41.74105197722011,male,1,own,little,little,2354.25017697839,13.705107693376606,car
30.969055612164475,female,1,rent,little,little,3947.182796329586,27.555247618074468,furniture/equipment
28.811925539228533,male,2,own,none,none,5955.109037577335,26.57331206314691,car
43.571133879763885,male,2,own,none,none,8294.556204710092,41.073391675354465,business
33.9838529576065,female,2,own,none,little,8806.969728482467,27.47239559696242,furniture/equipment
37.761120586531874,male,2,rent,little,little,1095.1908714326125,17.996686135501523,car
27.77730708888015,male,2,own,little,none,2117.6723478921053,22.232855348926236,radio/TV
23.35008409475821,female,2,rent,none,none,1290.930918795273,19.225773848307586,radio/TV
40.618142448696545,male,3,own,little,none,3135.4479694507977,25.456349441574375,car
30.662918205443013,female,2,rent,none,little,1581.0697211352335,26.853558233334738,car
36.66614360337602,female,2,own,none,moderate,1095.3781918929633,21.22446382485648,car
50.76080130087507,male,2,own,little,little,4580.8970054735355,21.147186231456836,furniture/equipment
77.16900754548651,male,2,own,none,none,1737.0493457651569,18.052328591237885,furniture/equipment
75.42507303730464,male,3,own,little,little,16229.419355531942,6.540090741490408,car
33.39466536210964,female,3,own,quite rich,none,3282.7500863424716,21.718048943882675,car
53.59451007039505,male,2,own,little,little,2879.9101477171503,42.94442555154386,furniture/equipment
32.55625909198803,male,2,own,none,none,1415.586630231708,19.95462335433129,radio/TV
69.6320890136564,male,2,own,little,none,704.1046152882565,12.588907281366815,radio/TV
31.09699017967477,male,2,own,rich,moderate,13422.142459300614,55.54815299030251,radio/TV
27.747250739956026,male,2,own,none,little,9342.80218572677,35.689763532328016,business
28.408692635684773,female,2,own,little,little,11286.131186383216,54.90706288290893,furniture/equipment
45.770819422272574,male,1,own,little,little,1464.0834658044225,16.906613710363132,repairs
34.76466484016951,female,2,own,little,none,10856.228748952728,41.11314798213736,radio/TV
40.326700399055746,male,2,rent,little,moderate,2169.604434260969,10.183237756919647,furniture/equipment
37.13149425492434,male,2,free,little,none,7078.562155935711,51.9646869313436,education
40.528334966524504,male,2,own,little,little,1023.6973699624039,20.05678739070861,car
41.3173281082677,male,2,own,little,none,1773.534848153828,14.112767943008286,business
58.607750554952574,male,2,own,little,none,1869.0958190372712,6.996503562412951,radio/TV
31.972488090546722,female,1,own,little,little,4406.326218952332,17.37604485447511,furniture/equipment
54.25871197167375,male,2,own,little,none,2190.1867256861087,16.503638638609964,radio/TV
34.16982940311775,male,2,own,little,little,2281.676570445887,13.691098102718598,car
48.433663029142686,male,1,own,little,none,1578.437288385569,4.164586990711428,radio/TV
45.25644197695301,male,1,own,little,moderate,1382.2069748740678,13.907085998331233,radio/TV
62.4149240199336,male,2,own,none,none,2019.4518735029203,36.643286561720345,radio/TV
51.16672188627588,male,1,own,none,little,5370.400318233706,6.457760360387368,car
37.33828764124959,male,3,free,none,none,13840.148341478363,23.534775943016356,car
42.020933632686976,male,2,own,little,none,852.1603864092831,13.997464067226076,radio/TV
45.565289095314455,male,1,own,little,little,779.2224163035785,7.275852790328244,car
39.83269001104126,male,3,free,little,little,2223.8569230043277,6.765532615109954,furniture/equipment
42.70426520170162,male,1,own,little,moderate,4754.900969525899,26.76929960488092,business
23.44848545419644,male,3,rent,little,little,1129.635809129779,12.618646114550348,radio/TV
39.97255903827119,male,2,own,moderate,none,2403.6745318145718,13.862062877584862,radio/TV
32.0188723606235,female,2,own,little,little,798.8301067844969,7.512622812043123,radio/TV
45.03013474369784,male,2,free,none,rich,1367.665169804404,17.458018846473504,radio/TV
70.73674697979185,female,1,own,quite rich,moderate,915.7427168312765,10.33997445936733,radio/TV
27.77211188022899,female,2,rent,rich,moderate,497.6185417654046,6.996624693230094,education
71.6145731582638,male,2,own,little,little,2647.9544354052023,13.793344797630837,furniture/equipment
51.10968202891085,male,2,own,quite rich,none,1402.2025493443182,16.6402392208049,radio/TV
53.66870430792584,male,3,free,little,little,8233.666829898473,57.175871797626485,education
36.86915683754229,male,2,rent,little,none,2105.1017206448105,6.967728456933527,radio/TV
32.46294852271835,male,2,rent,none,none,8184.098853984437,48.336987829060675,radio/TV
53.09908526107641,male,2,own,none,none,4002.9921839903936,22.02463397272175,car
30.842103151982926,male,2,own,moderate,little,2201.1565210824488,14.582104759160853,car
47.95989488442321,male,2,free,little,little,6195.202529710251,42.59646494159959,car
32.8137777792953,male,2,own,little,none,858.0696546957561,13.468247497579618,radio/TV
30.96240160055498,male,1,own,little,little,2051.0107965158804,15.60118615489326,business
47.421619144166065,male,2,rent,little,none,1857.084892282697,13.501457496968875,car
32.79684034850506,female,0,rent,little,little,1290.1160968241445,26.661595808986753,car
41.191062457530435,male,3,own,none,none,3057.1913981735197,13.344178129511828,car
30.338726697144317,male,2,own,little,moderate,1469.493778165991,25.474717736294288,car
68.21007657936624,male,1,own,little,little,1366.3010455547455,28.16585085650184,car
29.695867723021877,male,2,rent,none,none,2729.9558576988247,12.701313072996989,car
40.311202254683806,male,1,own,none,rich,1615.4815949930162,26.12586740248108,car
65.16721097457143,male,2,own,quite rich,none,3174.4039972422993,25.109294389105756,furniture/equipment
46.559592663452925,female,1,own,rich,little,826.7061234611128,6.8741790921627315,car
80.27992221197613,female,2,own,little,little,4584.046448691282,20.564711585755315,repairs
31.77237741658164,male,2,own,little,none,10774.285600061467,40.811946816264545,business
47.8593384986173,male,2,own,little,none,13679.286340963117,39.52336014959296,car
74.85875214746852,male,3,own,none,moderate,7242.31179390072,21.82776624656336,car
55.05336598078591,male,2,own,little,none,2533.2815761933925,10.558966438595958,car
32.26424029577092,female,0,own,none,moderate,4648.208869791095,40.40900652292471,domestic appliances
53.85864362131115,male,2,own,rich,none,1922.2677359914449,20.98472248938253,radio/TV
27.792188906203787,female,2,own,none,none,1223.1632575969973,13.268850788325464,repairs
45.95389888782907,male,2,rent,none,none,9010.120023114527,32.453487839879514,car
31.562147718321185,female,0,own,little,rich,677.4084258479587,14.581966822389639,business
38.53279990162699,female,1,own,little,moderate,1092.061703253816,7.0758497401178335,car
32.88542821889691,male,3,own,none,none,12337.52671513801,40.65765512721033,car
39.07086731509592,female,1,own,little,little,13409.67690339902,54.65441758033642,car
34.738428886755656,male,2,own,little,little,7967.06594125834,40.966802685845614,education
27.387973038855904,male,3,own,little,none,7145.767986250767,27.60945622163367,vacation/others
50.27119747503702,female,3,free,little,moderate,14582.004678373734,27.209266737421792,car
37.74604539715682,male,1,own,little,none,5065.689804564527,27.40279775293753,car
49.55158163684624,male,2,own,quite rich,none,2615.8708329268597,27.85451202368901,business
72.64377571510654,male,1,own,none,none,4636.799304762152,9.90298858518812,education
43.01933568197573,male,2,own,none,little,411.1131452669263,6.595236351903006,radio/TV
44.895477495774784,male,0,free,none,moderate,5906.4786001094235,51.86749787080509,vacation/others
51.47171242337228,male,1,own,quite rich,none,1548.7117511162953,16.049796671622218,radio/TV
46.79003584361457,male,1,own,little,moderate,2324.2461692631136,13.069630384667711,furniture/equipment
54.70841640915497,male,2,free,quite rich,none,12010.092008855256,55.582710016329905,car
36.03259139657713,female,2,own,none,none,2312.01919452739,26.528654981409737,education
39.3313868020857,male,2,own,little,moderate,6759.709972583741,14.108168678538657,car
28.250668136908928,female,1,own,little,little,5109.7152341155315,27.641656498503075,furniture/equipment
26.598565594331465,male,2,own,none,moderate,1768.996289671186,15.773621839921457,radio/TV
42.432943174190704,male,1,own,none,none,4042.2323187263887,14.192985350533014,education
31.276351902244443,female,2,own,little,little,4163.097557988726,28.572958374710048,radio/TV
44.37012683567137,female,2,own,little,none,4111.464809972491,4.401227465033029,car
30.063652489749654,male,2,own,little,rich,1566.4892956251438,14.052114925736994,car
57.43479387079093,male,3,free,little,little,1365.1326683351494,8.85740070503632,vacation/others
39.05173900115914,male,2,own,quite rich,rich,2969.470276698328,17.32325278256125,car
29.843646731479186,male,2,own,little,none,1230.724321417573,13.04130095582702,car
26.698274855497377,male,2,own,none,none,1195.195614397658,25.448272256958504,radio/TV
40.271391209726545,male,2,own,little,little,796.6198034651942,13.570309686232218,car
66.50016994353258,male,1,own,little,none,1460.1041654986693,13.725762632235096,car
29.554771333725895,female,1,own,little,moderate,1365.0092679298573,20.342088275746857,radio/TV
36.555152780415554,male,3,own,none,little,16665.880159421526,42.541140411466,furniture/equipment
73.80786369741082,male,1,rent,little,little,3256.523262536516,23.730105984762304,business
58.56769392003832,female,2,own,little,none,820.8725002022642,13.96157685154844,car
29.7867898560139,female,2,rent,little,little,3524.2768600101726,20.659596272889715,furniture/equipment
32.34383691424731,male,2,own,moderate,none,1452.639806305928,27.819001236719053,radio/TV
54.097739076825036,female,1,own,little,rich,2471.056725212932,13.397930879727461,furniture/equipment
30.60746127916669,male,2,own,little,little,1107.4213255693535,18.12878843603712,radio/TV
61.48584836620671,female,1,own,quite rich,rich,1576.0354284732462,26.188591996134264,radio/TV
36.26050348815535,male,1,own,little,moderate,1543.7238102166214,14.09253617825203,education
32.169587092986866,female,2,rent,none,moderate,2191.3154014110482,21.763701983663964,furniture/equipment
70.46029769778201,male,3,free,none,none,15629.0078123364,70.44272427824669,car
53.569766336817466,male,2,own,little,none,3042.781944398978,27.356970927522205,radio/TV
24.900069375593468,female,1,rent,little,none,1498.0098706687215,13.483021772002212,furniture/equipment
73.01109632256319,female,2,own,moderate,none,1680.970357254944,15.623456973180067,radio/TV
44.10118257624098,female,1,own,rich,none,1699.2027301564742,25.892430089685988,radio/TV
63.77901206959481,male,2,free,little,rich,5475.324213034019,46.26273905320274,car
37.15252241873249,male,2,own,little,little,5607.609381075106,27.122930681409933,car
34.671326038871825,male,2,own,none,none,1056.798297188774,29.085184509014393,furniture/equipment
40.3419211443768,male,2,own,none,none,1200.8384641097757,14.027860581624537,radio/TV
28.9172640813005,female,3,rent,none,none,6381.323345612531,26.438345089787706,car
33.872640430624514,female,2,rent,rich,moderate,9206.759093208724,27.227630753538115,car
36.45356288394212,female,1,own,little,little,1516.790689321581,26.862812227084447,radio/TV
66.18227537795397,male,2,own,little,none,2344.826964176076,26.748253209319756,car
43.79859264179723,male,3,free,little,little,2248.5590911942595,21.5810006027011,radio/TV
50.25075722841764,male,3,own,little,moderate,8774.59084344145,38.93086236732569,car
40.311167824929285,male,2,own,little,moderate,2734.253537162296,44.29580554032187,radio/TV
27.022456555830445,male,2,own,none,little,1005.6889397793676,14.296937814110771,car
42.36734160507668,male,2,free,none,moderate,3101.050897918533,28.90903400472444,car
23.642301235011175,male,2,rent,little,little,689.9011475485864,13.522236292784843,radio/TV
38.350339387208855,male,2,own,moderate,none,3480.61744905787,27.42007113710507,radio/TV
32.40891883039404,male,2,own,moderate,none,2835.069594675046,25.880217822570344,car
29.159391348196547,male,2,own,little,little,3978.8177952506426,23.599104472579857,education
24.906389273214607,female,2,own,little,moderate,2062.634947877042,10.572144681439418,radio/TV
32.04735219032525,female,2,rent,none,none,1490.8943164641917,26.725669367959533,car
29.127341725901264,female,2,own,little,moderate,1543.7814917850778,9.851779432438896,radio/TV
64.44898094497555,male,2,free,little,little,2621.662948076509,40.74208931342652,car
46.7880876612992,male,2,free,little,little,8370.383396616693,47.982271637511694,furniture/equipment
30.48720516743294,male,1,own,little,moderate,5636.6679666881055,48.6094742950669,radio/TV
25.985748395029677,male,2,own,quite rich,none,3003.309794538193,46.00313102142888,car
31.895013589925718,female,3,own,little,none,3253.6123814093835,26.731211601908868,car
30.6026743962314,male,2,own,rich,none,6869.957228138542,27.365531578587568,car
51.27446476257062,female,2,rent,none,moderate,2246.146699573594,27.057660753705747,car
42.79183197599836,female,2,own,little,rich,2446.50009315289,13.326396896568193,car
27.410594988191686,female,3,own,moderate,moderate,8441.777785501255,68.97886504355833,car
55.93990095273317,male,2,own,moderate,little,1426.426482748921,10.252975689644389,repairs
43.679247898901345,male,2,own,quite rich,none,2577.118829444947,40.7306558118984,radio/TV
52.06422080152203,female,1,own,little,little,3596.0787777539217,20.04438454048769,furniture/equipment
28.84167093097267,female,2,rent,little,little,2321.438013859467,20.98757220370466,radio/TV
53.92973226528304,male,1,own,little,little,4685.952707423543,34.5150641758892,car
33.55404937141452,male,2,own,little,little,5855.495603690451,41.651797019110425,furniture/equipment
27.01807398953649,female,2,rent,little,none,8354.484160820248,43.19301278684003,furniture/equipment
40.747774396417014,male,3,own,quite rich,moderate,2862.4615048701803,12.965866844907922,car
41.54818901518272,male,2,own,little,moderate,2883.8599619236634,8.10521650375282,radio/TV
56.12467725780253,male,1,own,none,rich,4179.90166193219,32.8539475215434,radio/TV
32.87712844693029,male,2,own,none,moderate,2333.6893829455403,12.913845043480858,car
30.50556148092023,male,2,own,quite rich,moderate,2583.6163261885354,16.69547144440572,business
31.164111428108836,male,3,free,little,little,1681.3927388462982,10.886354700486105,car
35.865323675497116,male,3,own,little,little,2085.4255762544003,28.74001899440357,radio/TV
30.80223696758784,male,2,rent,none,none,9344.393445118903,41.837408499697915,business
53.38746315746296,male,2,own,little,little,1147.639155972071,10.733649720055034,car
33.43227544078039,male,1,own,none,moderate,2631.920489267274,27.36446321833447,furniture/equipment
43.91556647610744,male,1,own,little,little,839.7723000671031,13.98102000534104,furniture/equipment
32.460172680463856,female,2,rent,moderate,moderate,2976.603798842328,17.381652172183948,car
38.271794425527084,male,2,rent,moderate,little,14539.454744525241,41.25460251221254,education
40.83216950815282,male,1,own,little,rich,3236.372098219989,19.898713936782112,furniture/equipment
41.45070988609391,male,2,free,none,moderate,14386.530953367006,41.28466002453231,car
32.45659198582903,female,2,own,little,none,2597.8827347998235,14.121774545710313,radio/TV
25.253771482401202,female,1,own,little,little,1053.183752232868,18.723484961010048,car
40.287986639476806,female,3,rent,little,little,3203.9319907127,13.702725614712083,furniture/equipment
29.33858413000526,male,2,rent,little,moderate,2494.2450190626832,41.65748778578211,radio/TV
32.89313120453206,male,3,free,little,little,7981.17704082237,28.619534386219453,car
32.99992568114876,male,1,own,none,rich,1676.876196501834,4.738571516847487,car
69.73033028716208,female,1,free,little,none,3511.6965818508174,14.149542791285283,education
39.959448350465514,male,3,own,moderate,none,1784.7641035268045,23.310062467962965,furniture/equipment
28.123482845761266,female,1,rent,none,none,5577.043815984047,31.637996794315036,car
34.89453359044204,male,3,free,little,none,5750.2163618866525,40.69250503728947,car
56.8289473662706,female,1,free,moderate,rich,1550.3777590658653,12.00081591260428,car
41.934640953031455,male,2,own,moderate,moderate,4400.800028057351,29.272145433029316,car
27.3324747675813,male,1,own,little,little,829.136543397815,14.226329461378668,car
71.35766953318486,male,2,own,little,little,8211.424571322357,70.2880224684052,business
33.621310914826964,male,2,rent,little,moderate,2361.611947615038,14.027783789031577,car
35.30652047370319,male,2,own,none,none,4016.1651857645447,20.199493127915296,car
33.41647846648637,male,3,own,none,none,10042.47706980043,41.16589147160348,car
43.1258693516418,male,3,free,little,little,5880.395476004745,22.202162573243697,car
36.19152944177464,male,2,own,little,moderate,9159.555953613217,28.674674592470556,car
35.78951779396061,female,3,own,little,moderate,2356.036946955427,29.537734548851816,furniture/equipment
88.72029388096622,female,3,free,little,moderate,5782.11966675002,10.205087330478573,car
59.9115726994816,male,2,own,none,none,849.5154899913232,29.19051853091409,car
32.206916974926756,female,2,rent,none,little,2553.635535233616,10.796592495251229,furniture/equipment
40.13021863783377,male,2,own,none,none,2284.597861398578,17.689428150873486,radio/TV
27.634530676897196,female,2,own,little,none,1140.6529017771752,6.678968959215712,radio/TV
41.0668242310418,male,2,free,none,none,765.0408810053273,6.475419842422744,radio/TV
49.63486486867864,male,1,own,quite rich,none,2942.0179297529157,24.37946074453149,business
26.112494384969963,female,2,free,little,moderate,6398.614470638904,28.811366146315162,education
27.149016389545256,female,2,rent,none,little,8951.078415838705,19.939552705265854,education
46.997593821534615,male,2,own,none,little,2534.6555161457973,21.5009840395416,furniture/equipment
83.00719028189143,male,3,free,little,moderate,8359.713460436747,11.454077617832521,car
55.71433761151152,female,3,free,little,little,7867.591695093562,27.495077605467383,car
60.67184374064331,male,2,own,little,little,1664.7906831768842,14.128991776532697,car
59.89326205648382,male,2,free,little,moderate,6838.873060268751,57.47902697127477,education
53.800687006947655,male,2,free,little,none,2465.5259825803514,20.646526336854752,furniture/equipment
59.37184488706403,male,1,own,none,little,1749.9696845017065,22.369952983314835,radio/TV
31.039619855776145,female,2,own,little,little,404.43297561448674,6.967270423360587,domestic appliances
26.003942850858156,male,1,own,little,moderate,1193.3322332202688,11.326786746996548,radio/TV
41.320322746581766,male,2,own,little,none,3040.4953572939958,12.8330595845383,furniture/equipment
27.010125673177278,male,2,free,little,little,5210.04938980964,54.5696171512412,car
32.38091136164917,male,3,own,quite rich,none,2809.9525264884933,33.99541958188329,radio/TV
42.71799092196972,male,2,free,none,little,8312.696055497456,57.50473151107552,business
38.97140436187108,male,2,own,little,none,1813.7456967393146,17.59686271805014,radio/TV
39.027262002539345,male,2,own,little,little,5158.430154997675,32.73094631755107,furniture/equipment
32.355581125415114,male,2,rent,little,little,6781.8245765520705,13.903352631846621,radio/TV
30.39774633404253,male,2,own,little,little,2471.446651170116,10.652189027278073,furniture/equipment
27.052281348153006,female,2,rent,little,little,1521.2413194574215,18.396023519540876,furniture/equipment
59.77535181823255,female,3,own,none,none,8728.695517033653,35.831255951121086,car
51.10070598640327,male,3,own,little,none,7725.2529457017345,7.128253996293443,car
77.81049794659343,male,2,rent,none,none,7617.60636054344,20.754077395153647,car
28.855117985312745,female,2,own,none,moderate,3201.1621562902506,35.08246800813517,radio/TV
47.38182191478438,male,1,own,little,little,1600.1004872520691,7.274851470211846,car
33.83278974274427,male,3,own,little,little,4447.401868788924,39.001000684536635,furniture/equipment
61.318426020425775,male,2,own,none,none,2645.806079511913,27.18067280733965,radio/TV
35.58005951999772,male,2,own,little,rich,4501.568555999558,40.00937625223876,radio/TV
71.74085781235377,male,2,free,little,little,2986.423062343417,21.041237806853513,radio/TV
66.37036660166383,female,1,own,little,little,476.8658432358925,14.53813330539047,radio/TV
44.56986391670062,male,1,rent,little,little,2616.559602663529,13.441815427967354,car
39.96110901124467,male,2,own,little,none,2644.2826091024303,24.73163475903667,car
44.91193094033383,female,2,own,little,little,963.1048814044433,6.776333776492658,car
34.61351031092008,female,2,own,quite rich,moderate,9807.600761613752,57.39233695684177,car
30.4664015082051,male,2,own,little,moderate,5033.969411513718,52.95966728163723,car
30.340893417464077,male,1,own,little,little,1325.8719590997275,10.542683811514758,radio/TV
39.29493486743456,male,2,own,little,little,2045.0712079550026,17.04000502359414,car
35.64644782644816,female,2,rent,none,little,1556.5804596345665,26.065163116536255,car
33.51395271149062,female,0,rent,little,moderate,2035.7963026009318,17.63647074121835,car
34.04111339976669,male,2,own,none,rich,3588.1417517221453,26.598861827958448,radio/TV
22.72855759155475,male,1,own,little,little,1425.7640222835394,15.110458040028274,furniture/equipment
27.294648256751397,female,2,rent,none,little,1330.3871787576084,14.14230432501271,education
52.30720036556531,female,2,free,moderate,moderate,3041.403743986551,40.354833055402885,radio/TV
35.28532543954272,male,2,own,none,little,7419.1385484141365,33.582922128917055,furniture/equipment
93.039552222783,male,3,own,little,none,5411.644200916584,27.488466952063693,business
30.03708970898524,male,2,own,little,moderate,1185.3102440336695,6.828149423393474,radio/TV
27.32344616853967,male,2,own,little,rich,5155.710943765979,43.410300795953916,radio/TV
27.951064437454992,male,2,own,little,moderate,1030.7545446927195,9.274566467897618,business
35.84753935252047,female,3,own,little,moderate,5509.127191179961,40.08306286996464,radio/TV
59.10570296396524,male,1,own,none,little,1404.1509430457722,14.934264411093467,furniture/equipment
38.228599045136534,male,1,own,little,none,1793.1774613172129,6.914792499456066,business
40.261461086801816,male,2,own,none,moderate,3373.621412235998,28.522607611162677,business
45.12197235589718,male,2,rent,little,little,4362.831908285589,6.717532047766571,car
34.70228498020175,male,2,own,rich,little,3020.447501281133,21.02680406497007,furniture/equipment
34.13049707823022,male,3,own,little,little,2593.8831061519368,20.979998992028875,car
36.22242449407752,male,1,rent,moderate,none,1667.2800905352203,10.555175353951922,car
23.288077131469826,female,2,own,moderate,none,10873.076741387145,75.04582533138192,radio/TV
45.14639161012948,male,2,own,none,none,3457.155245590272,36.43596669138382,radio/TV
30.70043262461917,female,0,own,little,little,892.2849254858183,20.342524215468607,education
23.95274762894084,male,1,rent,little,little,2160.4363458081352,26.277276311452972,radio/TV
63.915070684516266,male,3,free,little,little,9160.191656824525,14.00853696828213,furniture/equipment
36.41164264003137,male,3,own,moderate,little,2076.6859758463843,34.630046549121595,radio/TV
38.80815478832787,male,2,own,little,none,2722.105877962289,21.020102053706907,radio/TV
36.14772731407773,female,2,own,little,little,1860.1130399339036,13.914946437716454,furniture/equipment
25.693427503294195,male,2,free,little,little,3367.0474955856776,28.20748918716711,furniture/equipment
41.516110751152624,male,3,own,little,none,3956.976069292361,25.669670984361396,car
39.44579785923144,male,2,own,little,none,6757.551456441792,21.21129288461578,radio/TV
42.68366628924014,male,2,own,little,rich,2329.92349411349,19.755310050981052,radio/TV
30.06937341251731,female,2,rent,little,little,2463.900448745926,21.926306567441205,furniture/equipment
30.186224366487615,female,2,own,quite rich,none,1661.4262496406955,29.568737476185945,radio/TV
48.34238256695215,male,2,own,little,moderate,4459.490544020232,31.382468081414498,furniture/equipment
30.879199489112164,female,2,own,little,none,1670.8187051214854,9.84442768504218,business
49.22285064996177,male,2,own,quite rich,none,611.4921106586279,13.945729207890164,radio/TV
35.18854270629947,male,2,own,moderate,moderate,1702.3496378818568,9.413055583564955,car
48.24876300880407,male,3,free,little,little,8995.935789680854,56.5275579753101,car
25.89332442059255,male,2,own,none,moderate,2297.246674333043,10.10330986582495,furniture/equipment
28.611016675746,female,2,own,little,little,3536.499359806529,22.431101215342455,radio/TV
52.26090928551232,male,3,rent,little,little,3906.175545011446,6.667615508994425,furniture/equipment
36.851747346086036,male,2,rent,little,none,1320.0572314784663,6.393245088609821,car
36.79391338612672,male,2,free,rich,moderate,1140.4672925375062,10.137931316683865,education
71.723024867221,male,2,own,none,little,1369.8669205530155,6.307353668634858,radio/TV
24.56888379274773,male,2,free,little,little,4748.516656181772,16.625769618155115,car
35.35550571685952,male,2,own,little,none,1601.4364430019532,25.12190034449241,radio/TV
32.14250734262668,male,3,free,none,moderate,10068.244796848554,69.08537274354947,radio/TV
27.74019620900662,male,2,own,quite rich,none,2456.3920431445404,6.27665645404314,car
57.54318384799653,male,2,free,little,little,8919.215512443878,54.43128526911206,furniture/equipment
25.07406926110521,male,2,rent,little,little,3198.7392856814977,22.17904034022408,car
72.2467504898398,female,3,own,little,moderate,1335.2062236733132,10.512291551146106,education
